2026-09-02T07:04:50.9056090Z Current runner version: '2.337.0'
2026-09-02T07:04:50.9086752Z ##[group]Runner Image Provisioner
2026-09-02T07:04:50.9087829Z Hosted Compute Agent
2026-09-02T07:04:50.9088411Z Version: 20260819.586
2026-09-02T07:04:50.9089171Z Commit: 3cc4a88dfa507ef76119ad1bb3eccc6378bb2b76
2026-09-02T07:04:50.9089945Z Build Date: 2026-08-18T23:20:18Z
2026-09-02T07:04:50.9090893Z Worker ID: {9088436c-0ec6-41bd-8d66-a4ace1071d7a}
2026-09-02T07:04:50.9091744Z Azure Region: centralus
2026-09-02T07:04:50.9092363Z ##[endgroup]
2026-09-02T07:04:50.9094103Z ##[group]Operating System
2026-09-02T07:04:50.9094779Z Ubuntu
2026-09-02T07:04:50.9095343Z 24.04.4
2026-09-02T07:04:50.9095908Z LTS
2026-09-02T07:04:50.9096417Z ##[endgroup]
2026-09-02T07:04:50.9097035Z ##[group]Runner Image
2026-09-02T07:04:50.9097689Z Image: ubuntu-24.04
2026-09-02T07:04:50.9098276Z Version: 20260823.283.1
2026-09-02T07:04:50.9099666Z Included Software: https://github.com/actions/runner-images/blob/ubuntu24/20260823.283/images/ubuntu/Ubuntu2404-Readme.md
2026-09-02T07:04:50.9101690Z Image Release: https://github.com/actions/runner-images/releases/tag/ubuntu24%2F20260823.283
2026-09-02T07:04:50.9102737Z ##[endgroup]
2026-09-02T07:04:50.9104104Z ##[group]GITHUB_TOKEN Permissions
2026-09-02T07:04:50.9106425Z Contents: read
2026-09-02T07:04:50.9107072Z Metadata: read
2026-09-02T07:04:50.9107738Z Packages: read
2026-09-02T07:04:50.9108331Z ##[endgroup]
2026-09-02T07:04:50.9111230Z Secret source: Actions
2026-09-02T07:04:50.9112403Z Prepare workflow directory
2026-09-02T07:04:50.9463784Z Prepare all required actions
2026-09-02T07:04:50.9505977Z Getting action download info
2026-09-02T07:04:51.2003687Z Download action repository 'actions/checkout@v4' (SHA:11d5960a326750d5838078e36cf38b85af677262)
2026-09-02T07:04:51.3597952Z Download action repository 'supabase/setup-cli@v1' (SHA:ab058987d8d6c725971f6cf9d0b5c98467e30bd1)
2026-09-02T07:04:51.8685860Z Complete job name: Supabase migration replay
2026-09-02T07:04:51.9316613Z Node 20 is being deprecated. This workflow is running with Node 24 by default. If you need to temporarily use Node 20, you can set the ACTIONS_ALLOW_USE_UNSECURE_NODE_VERSION=true environment variable. For more information see: https://github.blog/changelog/2025-09-19-deprecation-of-node-20-on-github-actions-runners/
2026-09-02T07:04:51.9324430Z ##[group]Run actions/checkout@v4
2026-09-02T07:04:51.9325142Z with:
2026-09-02T07:04:51.9325939Z   repository: Kolalonge-creator/Tarragon-Health
2026-09-02T07:04:51.9329932Z   token: ***
2026-09-02T07:04:51.9330421Z   ssh-strict: true
2026-09-02T07:04:51.9331109Z   ssh-user: git
2026-09-02T07:04:51.9331622Z   persist-credentials: true
2026-09-02T07:04:51.9332174Z   clean: true
2026-09-02T07:04:51.9332688Z   sparse-checkout-cone-mode: true
2026-09-02T07:04:51.9333231Z   fetch-depth: 1
2026-09-02T07:04:51.9333703Z   fetch-tags: false
2026-09-02T07:04:51.9334428Z   show-progress: true
2026-09-02T07:04:51.9334909Z   lfs: false
2026-09-02T07:04:51.9335484Z   submodules: false
2026-09-02T07:04:51.9335985Z   set-safe-directory: true
2026-09-02T07:04:51.9336592Z   allow-unsafe-pr-checkout: false
2026-09-02T07:04:51.9337338Z ##[endgroup]
2026-09-02T07:04:52.0257980Z Syncing repository: Kolalonge-creator/Tarragon-Health
2026-09-02T07:04:52.0259805Z ##[group]Getting Git version info
2026-09-02T07:04:52.0260968Z Working directory is '/home/runner/work/Tarragon-Health/Tarragon-Health'
2026-09-02T07:04:52.0262281Z [command]/usr/bin/git version
2026-09-02T07:04:52.3333790Z git version 2.55.0
2026-09-02T07:04:52.3350846Z ##[endgroup]
2026-09-02T07:04:52.3363874Z Temporarily overriding HOME='/home/runner/work/_temp/f638b149-fbce-46e1-b17e-87c4440f5a20' before making global git config changes
2026-09-02T07:04:52.3366434Z Adding repository directory to the temporary git global config as a safe directory
2026-09-02T07:04:52.3368885Z [command]/usr/bin/git config --global --add safe.directory /home/runner/work/Tarragon-Health/Tarragon-Health
2026-09-02T07:04:52.4119529Z Deleting the contents of '/home/runner/work/Tarragon-Health/Tarragon-Health'
2026-09-02T07:04:52.4125738Z ##[group]Initializing the repository
2026-09-02T07:04:52.4130424Z [command]/usr/bin/git init /home/runner/work/Tarragon-Health/Tarragon-Health
2026-09-02T07:04:52.4232618Z hint: Using 'master' as the name for the initial branch. This default branch name
2026-09-02T07:04:52.4234801Z hint: will change to "main" in Git 3.0. To configure the initial branch name
2026-09-02T07:04:52.4236697Z hint: to use in all of your new repositories, which will suppress this warning,
2026-09-02T07:04:52.4238090Z hint: call:
2026-09-02T07:04:52.4238813Z hint:
2026-09-02T07:04:52.4239824Z hint: 	git config --global init.defaultBranch <name>
2026-09-02T07:04:52.4241183Z hint:
2026-09-02T07:04:52.4242482Z hint: Names commonly chosen instead of 'master' are 'main', 'trunk' and
2026-09-02T07:04:52.4244453Z hint: 'development'. The just-created branch can be renamed via this command:
2026-09-02T07:04:52.4246117Z hint:
2026-09-02T07:04:52.4247230Z hint: 	git branch -m <name>
2026-09-02T07:04:52.4248677Z hint:
2026-09-02T07:04:52.4250261Z hint: Disable this message with "git config set advice.defaultBranchName false"
2026-09-02T07:04:52.4253195Z Initialized empty Git repository in /home/runner/work/Tarragon-Health/Tarragon-Health/.git/
2026-09-02T07:04:52.4257939Z [command]/usr/bin/git remote add origin https://github.com/Kolalonge-creator/Tarragon-Health
2026-09-02T07:04:52.4283748Z ##[endgroup]
2026-09-02T07:04:52.4285894Z ##[group]Disabling automatic garbage collection
2026-09-02T07:04:52.4287605Z [command]/usr/bin/git config --local gc.auto 0
2026-09-02T07:04:52.4312100Z ##[endgroup]
2026-09-02T07:04:52.4314091Z ##[group]Setting up auth
2026-09-02T07:04:52.4316115Z [command]/usr/bin/git config --local --name-only --get-regexp core\.sshCommand
2026-09-02T07:04:52.4344793Z [command]/usr/bin/git submodule foreach --recursive sh -c "git config --local --name-only --get-regexp 'core\.sshCommand' && git config --local --unset-all 'core.sshCommand' || :"
2026-09-02T07:04:52.7726798Z [command]/usr/bin/git config --local --name-only --get-regexp http\.https\:\/\/github\.com\/\.extraheader
2026-09-02T07:04:52.7756257Z [command]/usr/bin/git submodule foreach --recursive sh -c "git config --local --name-only --get-regexp 'http\.https\:\/\/github\.com\/\.extraheader' && git config --local --unset-all 'http.https://github.com/.extraheader' || :"
2026-09-02T07:04:52.7927394Z [command]/usr/bin/git config --local --name-only --get-regexp ^includeIf\.gitdir:
2026-09-02T07:04:52.7956015Z [command]/usr/bin/git submodule foreach --recursive git config --local --show-origin --name-only --get-regexp remote.origin.url
2026-09-02T07:04:52.8121933Z [command]/usr/bin/git config --local http.https://github.com/.extraheader AUTHORIZATION: basic ***
2026-09-02T07:04:52.8154553Z ##[endgroup]
2026-09-02T07:04:52.8156686Z ##[group]Fetching the repository
2026-09-02T07:04:52.8165237Z [command]/usr/bin/git -c protocol.version=2 fetch --no-tags --prune --no-recurse-submodules --depth=1 origin +8c3c0115658ef3b895c7e8ff668425468e8305dc:refs/remotes/pull/340/merge
2026-09-02T07:04:55.9044527Z From https://github.com/Kolalonge-creator/Tarragon-Health
2026-09-02T07:04:55.9045656Z  * [new ref]         8c3c0115658ef3b895c7e8ff668425468e8305dc -> pull/340/merge
2026-09-02T07:04:55.9048074Z ##[endgroup]
2026-09-02T07:04:55.9048757Z ##[group]Determining the checkout info
2026-09-02T07:04:55.9051192Z ##[endgroup]
2026-09-02T07:04:55.9058541Z [command]/usr/bin/git sparse-checkout disable
2026-09-02T07:04:55.9590919Z [command]/usr/bin/git config --local --unset-all extensions.worktreeConfig
2026-09-02T07:04:55.9620253Z ##[group]Checking out the ref
2026-09-02T07:04:55.9624301Z [command]/usr/bin/git checkout --progress --force refs/remotes/pull/340/merge
2026-09-02T07:04:56.4038851Z Note: switching to 'refs/remotes/pull/340/merge'.
2026-09-02T07:04:56.4039236Z 
2026-09-02T07:04:56.4041497Z You are in 'detached HEAD' state. You can look around, make experimental
2026-09-02T07:04:56.4042465Z changes and commit them, and you can discard any commits you make in this
2026-09-02T07:04:56.4043721Z state without impacting any branches by switching back to a branch.
2026-09-02T07:04:56.4044211Z 
2026-09-02T07:04:56.4045354Z If you want to create a new branch to retain commits you create, you may
2026-09-02T07:04:56.4046035Z do so (now or later) by using -c with the switch command. Example:
2026-09-02T07:04:56.4046455Z 
2026-09-02T07:04:56.4046639Z   git switch -c <new-branch-name>
2026-09-02T07:04:56.4046860Z 
2026-09-02T07:04:56.4047037Z Or undo this operation with:
2026-09-02T07:04:56.4047244Z 
2026-09-02T07:04:56.4047448Z   git switch -
2026-09-02T07:04:56.4047656Z 
2026-09-02T07:04:56.4047994Z Turn off this advice by setting config variable advice.detachedHead to false
2026-09-02T07:04:56.4048299Z 
2026-09-02T07:04:56.4048583Z HEAD is now at 8c3c011 Merge e303cae3f2664e717ce251bdc7a1784f04543b19 into 27f765b86da30f5ed7e99f09a8ac9e5e939a9350
2026-09-02T07:04:56.4075965Z ##[endgroup]
2026-09-02T07:04:56.4118747Z [command]/usr/bin/git log -1 --format=%H
2026-09-02T07:04:56.4141329Z 8c3c0115658ef3b895c7e8ff668425468e8305dc
2026-09-02T07:04:56.4331583Z Node 20 is being deprecated. This workflow is running with Node 24 by default. If you need to temporarily use Node 20, you can set the ACTIONS_ALLOW_USE_UNSECURE_NODE_VERSION=true environment variable. For more information see: https://github.blog/changelog/2025-09-19-deprecation-of-node-20-on-github-actions-runners/
2026-09-02T07:04:56.4333157Z ##[group]Run supabase/setup-cli@v1
2026-09-02T07:04:56.4333484Z with:
2026-09-02T07:04:56.4333748Z   version: latest
2026-09-02T07:04:56.4334057Z ##[endgroup]
2026-09-02T07:04:57.1171648Z [command]/usr/bin/tar xz --warning=no-unknown-keyword --overwrite -C /home/runner/work/_temp/2c6c8645-d528-4973-bab3-06703167c67d -f /home/runner/work/_temp/fc3a50d1-6922-4e04-84d0-6acab97dc8a3
2026-09-02T07:04:58.5148536Z ##[group]Run supabase start
2026-09-02T07:04:58.5148962Z [36;1msupabase start[0m
2026-09-02T07:04:58.5179392Z shell: /usr/bin/bash -e {0}
2026-09-02T07:04:58.5179696Z env:
2026-09-02T07:04:58.5180061Z   SUPABASE_INTERNAL_IMAGE_REGISTRY: ghcr.io
2026-09-02T07:04:58.5180402Z ##[endgroup]
2026-09-02T07:04:58.9266758Z WARN: no SMS provider is enabled. Disabling phone login
2026-09-02T07:05:03.1843477Z 0.53.0-alpine: Pulling from supabase/vector
2026-09-02T07:05:03.1860492Z v0.98.0: Pulling from supabase/postgres-meta
2026-09-02T07:05:03.3001460Z 17.6.1.165: Pulling from supabase/postgres
2026-09-02T07:05:03.3048472Z v1.74.3: Pulling from supabase/edge-runtime
2026-09-02T07:05:03.3247016Z v1.70.3: Pulling from supabase/storage-api
2026-09-02T07:05:03.3930371Z 2.8.1: Pulling from supabase/kong
2026-09-02T07:05:03.3953043Z 1.50.4: Pulling from supabase/logflare
2026-09-02T07:05:03.3979879Z v1.30.2: Pulling from supabase/mailpit
2026-09-02T07:05:03.4000031Z v2.196.0: Pulling from supabase/gotrue
2026-09-02T07:05:03.4022690Z v2.129.3: Pulling from supabase/realtime
2026-09-02T07:05:03.4043217Z v16.1: Pulling from supabase/postgrest
2026-09-02T07:05:03.4173255Z 1074353eec0d: Pulling fs layer
2026-09-02T07:05:03.4173875Z cbf2f7f0a3ba: Pulling fs layer
2026-09-02T07:05:03.4174327Z 7b95344fc011: Pulling fs layer
2026-09-02T07:05:03.4174811Z 0179246107e3: Pulling fs layer
2026-09-02T07:05:03.4175326Z c8a04bee2d5a: Pulling fs layer
2026-09-02T07:05:03.4175893Z 4f4fb700ef54: Pulling fs layer
2026-09-02T07:05:03.4176321Z 0179246107e3: Waiting
2026-09-02T07:05:03.4176901Z c8a04bee2d5a: Waiting
2026-09-02T07:05:03.4177514Z 4f4fb700ef54: Waiting
2026-09-02T07:05:03.4194772Z 2026.08.17-sha-0c1da8f: Pulling from supabase/studio
2026-09-02T07:05:03.5679798Z 039e6f9f9752: Pulling fs layer
2026-09-02T07:05:03.5680453Z 5404bc2cc13c: Pulling fs layer
2026-09-02T07:05:03.5681059Z 555d35074583: Pulling fs layer
2026-09-02T07:05:03.5681424Z 039e6f9f9752: Waiting
2026-09-02T07:05:03.5681933Z 5404bc2cc13c: Waiting
2026-09-02T07:05:03.5682300Z 8f99eb9866f3: Pulling fs layer
2026-09-02T07:05:03.5682734Z 555d35074583: Waiting
2026-09-02T07:05:03.5683059Z c0ed9f2d0e0e: Pulling fs layer
2026-09-02T07:05:03.5684431Z 4b118796ff6a: Pulling fs layer
2026-09-02T07:05:03.5686186Z 23c96171f2fe: Pulling fs layer
2026-09-02T07:05:03.5686757Z 753ab3b39a58: Pulling fs layer
2026-09-02T07:05:03.5687126Z 5c18a8cdfd6b: Pulling fs layer
2026-09-02T07:05:03.5687533Z 7505145a46ec: Pulling fs layer
2026-09-02T07:05:03.5687886Z 8f99eb9866f3: Waiting
2026-09-02T07:05:03.5688230Z c0ed9f2d0e0e: Waiting
2026-09-02T07:05:03.5688549Z 4b118796ff6a: Waiting
2026-09-02T07:05:03.5690289Z 23c96171f2fe: Waiting
2026-09-02T07:05:03.5691213Z 7505145a46ec: Waiting
2026-09-02T07:05:03.5691859Z 5c18a8cdfd6b: Waiting
2026-09-02T07:05:03.5694256Z e6f31ffc071e: Pulling fs layer
2026-09-02T07:05:03.5694804Z 5f05fbb94ac9: Pulling fs layer
2026-09-02T07:05:03.5695145Z dbd229483e61: Pulling fs layer
2026-09-02T07:05:03.5695618Z f4e2bfbd8bcd: Pulling fs layer
2026-09-02T07:05:03.5696024Z 521c5280947c: Pulling fs layer
2026-09-02T07:05:03.5696297Z 3f609ae12598: Pulling fs layer
2026-09-02T07:05:03.5696585Z c80645774acf: Pulling fs layer
2026-09-02T07:05:03.5696861Z 5e731b050e43: Pulling fs layer
2026-09-02T07:05:03.5697127Z 0f248d4fdffd: Pulling fs layer
2026-09-02T07:05:03.5697517Z 6db964937c43: Pulling fs layer
2026-09-02T07:05:03.5697852Z 78f6dd8aae59: Pulling fs layer
2026-09-02T07:05:03.5698139Z cecc09177dca: Pulling fs layer
2026-09-02T07:05:03.5698466Z 3adfb80f0287: Pulling fs layer
2026-09-02T07:05:03.5698858Z e6f31ffc071e: Waiting
2026-09-02T07:05:03.5699265Z 5f05fbb94ac9: Waiting
2026-09-02T07:05:03.5699582Z dbd229483e61: Waiting
2026-09-02T07:05:03.5699921Z 521c5280947c: Waiting
2026-09-02T07:05:03.5700273Z 3f609ae12598: Waiting
2026-09-02T07:05:03.5700741Z c80645774acf: Waiting
2026-09-02T07:05:03.5701089Z 5e731b050e43: Waiting
2026-09-02T07:05:03.5701375Z f4e2bfbd8bcd: Waiting
2026-09-02T07:05:03.5701702Z 0f248d4fdffd: Waiting
2026-09-02T07:05:03.5702394Z 6db964937c43: Waiting
2026-09-02T07:05:03.5702771Z 78f6dd8aae59: Waiting
2026-09-02T07:05:03.5703102Z cecc09177dca: Waiting
2026-09-02T07:05:03.5703681Z 868d43efe767: Pulling fs layer
2026-09-02T07:05:03.5704286Z 3adfb80f0287: Waiting
2026-09-02T07:05:03.5704658Z 868d43efe767: Waiting
2026-09-02T07:05:03.5717749Z e6f31ffc071e: Pulling fs layer
2026-09-02T07:05:03.5718501Z 4816f2085dc3: Pulling fs layer
2026-09-02T07:05:03.5718907Z 5dc68b1acf51: Pulling fs layer
2026-09-02T07:05:03.5719225Z 622a75c3aad4: Pulling fs layer
2026-09-02T07:05:03.5719671Z e733eb89dc5d: Pulling fs layer
2026-09-02T07:05:03.5720004Z b5c055a53a29: Pulling fs layer
2026-09-02T07:05:03.5720294Z de155361b339: Pulling fs layer
2026-09-02T07:05:03.5720875Z ba6e4ed5f64f: Pulling fs layer
2026-09-02T07:05:03.5721148Z 753ec53a43d5: Pulling fs layer
2026-09-02T07:05:03.5721527Z 23f574a925bf: Pulling fs layer
2026-09-02T07:05:03.5721801Z 782b84fd67df: Pulling fs layer
2026-09-02T07:05:03.5722164Z d59fb9edf862: Pulling fs layer
2026-09-02T07:05:03.5722480Z 6aa1b655ba9f: Pulling fs layer
2026-09-02T07:05:03.5722753Z a20c7d9fd396: Pulling fs layer
2026-09-02T07:05:03.5723145Z 5b1cd4d117f8: Pulling fs layer
2026-09-02T07:05:03.5723431Z 33a6ab621c21: Pulling fs layer
2026-09-02T07:05:03.5723785Z cb9ce6281bc1: Pulling fs layer
2026-09-02T07:05:03.5724064Z d055522c5978: Pulling fs layer
2026-09-02T07:05:03.5724324Z c6616e1dace0: Pulling fs layer
2026-09-02T07:05:03.5724680Z 2897e8a71341: Pulling fs layer
2026-09-02T07:05:03.5724944Z 34eb06d3d2a8: Pulling fs layer
2026-09-02T07:05:03.5725566Z 6a1e93e646cb: Pulling fs layer
2026-09-02T07:05:03.5726197Z 753ec53a43d5: Waiting
2026-09-02T07:05:03.5726511Z 23f574a925bf: Waiting
2026-09-02T07:05:03.5726889Z 2257e3a0ac1d: Pulling fs layer
2026-09-02T07:05:03.5727165Z 782b84fd67df: Waiting
2026-09-02T07:05:03.5727408Z 8a1eeea57502: Pulling fs layer
2026-09-02T07:05:03.5727701Z 942b358a87cc: Pulling fs layer
2026-09-02T07:05:03.5727961Z c441bf744145: Pulling fs layer
2026-09-02T07:05:03.5728707Z cd4fb4ecd8d5: Pulling fs layer
2026-09-02T07:05:03.5729011Z 358c1e4decda: Pulling fs layer
2026-09-02T07:05:03.5729304Z a014880b262f: Pulling fs layer
2026-09-02T07:05:03.5729617Z 6aa1b655ba9f: Waiting
2026-09-02T07:05:03.5729945Z a20c7d9fd396: Waiting
2026-09-02T07:05:03.5730400Z 5b1cd4d117f8: Waiting
2026-09-02T07:05:03.5730820Z 33a6ab621c21: Waiting
2026-09-02T07:05:03.5731070Z cb9ce6281bc1: Waiting
2026-09-02T07:05:03.5731340Z d055522c5978: Waiting
2026-09-02T07:05:03.5731584Z c6616e1dace0: Waiting
2026-09-02T07:05:03.5731859Z e6f31ffc071e: Waiting
2026-09-02T07:05:03.5732131Z 2897e8a71341: Waiting
2026-09-02T07:05:03.5732372Z 4816f2085dc3: Waiting
2026-09-02T07:05:03.5732617Z 34eb06d3d2a8: Waiting
2026-09-02T07:05:03.5732854Z 6a1e93e646cb: Waiting
2026-09-02T07:05:03.5733080Z 2257e3a0ac1d: Waiting
2026-09-02T07:05:03.5733358Z 8a1eeea57502: Waiting
2026-09-02T07:05:03.5733590Z 5dc68b1acf51: Waiting
2026-09-02T07:05:03.5733832Z 942b358a87cc: Waiting
2026-09-02T07:05:03.5734076Z 622a75c3aad4: Waiting
2026-09-02T07:05:03.5734320Z c441bf744145: Waiting
2026-09-02T07:05:03.5734886Z cd4fb4ecd8d5: Waiting
2026-09-02T07:05:03.5735235Z 358c1e4decda: Waiting
2026-09-02T07:05:03.5735483Z a014880b262f: Waiting
2026-09-02T07:05:03.5735733Z e733eb89dc5d: Waiting
2026-09-02T07:05:03.5735979Z ba6e4ed5f64f: Waiting
2026-09-02T07:05:03.5736249Z b5c055a53a29: Waiting
2026-09-02T07:05:03.6264720Z cbf2f7f0a3ba: Verifying Checksum
2026-09-02T07:05:03.6265186Z cbf2f7f0a3ba: Download complete
2026-09-02T07:05:03.6446594Z 597c6c618d36: Pulling fs layer
2026-09-02T07:05:03.6448732Z c39190ba742d: Pulling fs layer
2026-09-02T07:05:03.6449517Z 60414ed24b30: Pulling fs layer
2026-09-02T07:05:03.6450082Z 0d29c829782d: Pulling fs layer
2026-09-02T07:05:03.6450477Z 662b1f44f1ee: Pulling fs layer
2026-09-02T07:05:03.6450991Z ba9e24d39072: Pulling fs layer
2026-09-02T07:05:03.6451303Z 597c6c618d36: Waiting
2026-09-02T07:05:03.6451636Z c39190ba742d: Waiting
2026-09-02T07:05:03.6451931Z 662b1f44f1ee: Waiting
2026-09-02T07:05:03.6452170Z 60414ed24b30: Waiting
2026-09-02T07:05:03.6452756Z 0d29c829782d: Waiting
2026-09-02T07:05:03.6608558Z 1074353eec0d: Verifying Checksum
2026-09-02T07:05:03.6609445Z 1074353eec0d: Download complete
2026-09-02T07:05:03.8021163Z 213ec9aee27d: Pulling fs layer
2026-09-02T07:05:03.8021729Z a70653f7a2d5: Pulling fs layer
2026-09-02T07:05:03.8022226Z 531e3bd93090: Pulling fs layer
2026-09-02T07:05:03.8022644Z 814dd06d26c7: Pulling fs layer
2026-09-02T07:05:03.8023113Z 213ec9aee27d: Waiting
2026-09-02T07:05:03.8023407Z a70653f7a2d5: Waiting
2026-09-02T07:05:03.8023658Z 531e3bd93090: Waiting
2026-09-02T07:05:03.8023917Z 814dd06d26c7: Waiting
2026-09-02T07:05:03.8066311Z c8a04bee2d5a: Verifying Checksum
2026-09-02T07:05:03.8066946Z 55afa1ecc21d: Already exists
2026-09-02T07:05:03.8073465Z c8a04bee2d5a: Download complete
2026-09-02T07:05:03.8218888Z 0179246107e3: Verifying Checksum
2026-09-02T07:05:03.8219833Z 0179246107e3: Download complete
2026-09-02T07:05:03.8499030Z 95403727e7d4: Pulling fs layer
2026-09-02T07:05:03.8503907Z e326d083c2c9: Pulling fs layer
2026-09-02T07:05:03.8511445Z 95403727e7d4: Waiting
2026-09-02T07:05:03.8513876Z e326d083c2c9: Waiting
2026-09-02T07:05:03.9643420Z 7b95344fc011: Verifying Checksum
2026-09-02T07:05:03.9644176Z 7b95344fc011: Download complete
2026-09-02T07:05:03.9720170Z 4f4fb700ef54: Verifying Checksum
2026-09-02T07:05:03.9720887Z 4f4fb700ef54: Download complete
2026-09-02T07:05:04.0025549Z 55afa1ecc21d: Already exists
2026-09-02T07:05:04.0326239Z 1074353eec0d: Pull complete
2026-09-02T07:05:04.0329021Z 565df2d910df: Pulling fs layer
2026-09-02T07:05:04.0332780Z dc286a8aa197: Pulling fs layer
2026-09-02T07:05:04.0333477Z 518a41cba818: Pulling fs layer
2026-09-02T07:05:04.0334089Z 1278e66a267c: Pulling fs layer
2026-09-02T07:05:04.0334605Z 44c4479b4ddc: Pulling fs layer
2026-09-02T07:05:04.0335105Z dc286a8aa197: Waiting
2026-09-02T07:05:04.0335581Z 518a41cba818: Waiting
2026-09-02T07:05:04.0335997Z 1278e66a267c: Waiting
2026-09-02T07:05:04.0338361Z 44c4479b4ddc: Waiting
2026-09-02T07:05:04.0338920Z 565df2d910df: Waiting
2026-09-02T07:05:04.0339597Z 119d43eec815: Pulling fs layer
2026-09-02T07:05:04.0340998Z 5cc11540fc65: Pulling fs layer
2026-09-02T07:05:04.0341372Z 9ea61687a3a0: Pulling fs layer
2026-09-02T07:05:04.0342074Z 7e63fbbc2e50: Pulling fs layer
2026-09-02T07:05:04.0342843Z f2955455e628: Pulling fs layer
2026-09-02T07:05:04.0343209Z a7b1a0a461fc: Pulling fs layer
2026-09-02T07:05:04.0343607Z c895300000d9: Pulling fs layer
2026-09-02T07:05:04.0343926Z cf5270183f88: Pulling fs layer
2026-09-02T07:05:04.0344402Z 4f4fb700ef54: Pulling fs layer
2026-09-02T07:05:04.0344788Z f623498ee610: Pulling fs layer
2026-09-02T07:05:04.0345122Z 5cc11540fc65: Waiting
2026-09-02T07:05:04.0345511Z 9ea61687a3a0: Waiting
2026-09-02T07:05:04.0345825Z 7e63fbbc2e50: Waiting
2026-09-02T07:05:04.0346117Z f2955455e628: Waiting
2026-09-02T07:05:04.0346502Z a7b1a0a461fc: Waiting
2026-09-02T07:05:04.0346805Z c895300000d9: Waiting
2026-09-02T07:05:04.0347116Z cf5270183f88: Waiting
2026-09-02T07:05:04.0347812Z 4f4fb700ef54: Waiting
2026-09-02T07:05:04.0348198Z f623498ee610: Waiting
2026-09-02T07:05:04.0348582Z 119d43eec815: Waiting
2026-09-02T07:05:04.0348874Z 062e450697fa: Pulling fs layer
2026-09-02T07:05:04.0349614Z aadc1df55248: Pulling fs layer
2026-09-02T07:05:04.0350055Z 07f6c7f37eb7: Pulling fs layer
2026-09-02T07:05:04.0351412Z 219bccc39f10: Pulling fs layer
2026-09-02T07:05:04.0351895Z 9d445f162b30: Pulling fs layer
2026-09-02T07:05:04.0352324Z f066bdfa8565: Pulling fs layer
2026-09-02T07:05:04.0352770Z 0ced55f3e717: Pulling fs layer
2026-09-02T07:05:04.0353230Z e39a20378c07: Pulling fs layer
2026-09-02T07:05:04.0353649Z 4683247db99b: Pulling fs layer
2026-09-02T07:05:04.0354146Z ac006f7e52ef: Pulling fs layer
2026-09-02T07:05:04.0355658Z 62d958520b0b: Pulling fs layer
2026-09-02T07:05:04.0356281Z 4f4fb700ef54: Pulling fs layer
2026-09-02T07:05:04.0356746Z f066bdfa8565: Waiting
2026-09-02T07:05:04.0357215Z 0ced55f3e717: Waiting
2026-09-02T07:05:04.0357628Z e39a20378c07: Waiting
2026-09-02T07:05:04.0358046Z 4683247db99b: Waiting
2026-09-02T07:05:04.0358710Z ac006f7e52ef: Waiting
2026-09-02T07:05:04.0359149Z 62d958520b0b: Waiting
2026-09-02T07:05:04.0359582Z 4f4fb700ef54: Waiting
2026-09-02T07:05:04.0360004Z 062e450697fa: Waiting
2026-09-02T07:05:04.0360908Z 07f6c7f37eb7: Waiting
2026-09-02T07:05:04.0361500Z aadc1df55248: Waiting
2026-09-02T07:05:04.0362068Z 219bccc39f10: Waiting
2026-09-02T07:05:04.0362462Z 9d445f162b30: Waiting
2026-09-02T07:05:04.0378651Z 039e6f9f9752: Pulling fs layer
2026-09-02T07:05:04.0379104Z 5404bc2cc13c: Pulling fs layer
2026-09-02T07:05:04.0379450Z 555d35074583: Pulling fs layer
2026-09-02T07:05:04.0379900Z 8f99eb9866f3: Pulling fs layer
2026-09-02T07:05:04.0380296Z c0ed9f2d0e0e: Pulling fs layer
2026-09-02T07:05:04.0382104Z b7d0efd3fc9c: Pulling fs layer
2026-09-02T07:05:04.0382407Z c0c4dc518956: Pulling fs layer
2026-09-02T07:05:04.0382666Z 512fd86e6200: Pulling fs layer
2026-09-02T07:05:04.0383066Z 264588d8dd60: Pulling fs layer
2026-09-02T07:05:04.0383365Z 039e6f9f9752: Waiting
2026-09-02T07:05:04.0383666Z 5404bc2cc13c: Waiting
2026-09-02T07:05:04.0383922Z 555d35074583: Waiting
2026-09-02T07:05:04.0384166Z 8f99eb9866f3: Waiting
2026-09-02T07:05:04.0384426Z c0ed9f2d0e0e: Waiting
2026-09-02T07:05:04.0384708Z b7d0efd3fc9c: Waiting
2026-09-02T07:05:04.0385049Z c0c4dc518956: Waiting
2026-09-02T07:05:04.0385331Z 512fd86e6200: Waiting
2026-09-02T07:05:04.0385575Z 264588d8dd60: Waiting
2026-09-02T07:05:04.0395399Z bcf274f2d0ac: Pulling fs layer
2026-09-02T07:05:04.0395712Z bcf274f2d0ac: Waiting
2026-09-02T07:05:04.1706972Z 5404bc2cc13c: Verifying Checksum
2026-09-02T07:05:04.1707742Z 5404bc2cc13c: Download complete
2026-09-02T07:05:04.1708061Z 5404bc2cc13c: Verifying Checksum
2026-09-02T07:05:04.1708497Z 5404bc2cc13c: Download complete
2026-09-02T07:05:04.2348705Z 039e6f9f9752: Verifying Checksum
2026-09-02T07:05:04.2349814Z 039e6f9f9752: Download complete
2026-09-02T07:05:04.2350382Z 039e6f9f9752: Download complete
2026-09-02T07:05:04.4599050Z c0ed9f2d0e0e: c0ed9f2d0e0e: Verifying Checksum
2026-09-02T07:05:04.4601613Z c0ed9f2d0e0e: Download complete
2026-09-02T07:05:04.4603249Z Verifying Checksum
2026-09-02T07:05:04.4603888Z c0ed9f2d0e0e: Download complete
2026-09-02T07:05:04.4853165Z 8f99eb9866f3: 8f99eb9866f3: Verifying Checksum
2026-09-02T07:05:04.4855101Z 8f99eb9866f3: Download complete
2026-09-02T07:05:04.4855944Z Verifying Checksum
2026-09-02T07:05:04.4856710Z 8f99eb9866f3: Download complete
2026-09-02T07:05:04.4971956Z 555d35074583: Verifying Checksum
2026-09-02T07:05:04.4972982Z 555d35074583: Download complete
2026-09-02T07:05:04.4973715Z 555d35074583: Verifying Checksum
2026-09-02T07:05:04.4975030Z 555d35074583: Download complete
2026-09-02T07:05:04.6431914Z 23c96171f2fe: Verifying Checksum
2026-09-02T07:05:04.6433695Z 23c96171f2fe: Download complete
2026-09-02T07:05:04.7598506Z 4b118796ff6a: Verifying Checksum
2026-09-02T07:05:04.7599037Z 4b118796ff6a: Download complete
2026-09-02T07:05:04.8330057Z 753ab3b39a58: Verifying Checksum
2026-09-02T07:05:04.8330785Z 753ab3b39a58: Download complete
2026-09-02T07:05:04.8876297Z 5c18a8cdfd6b: Verifying Checksum
2026-09-02T07:05:04.8877104Z 5c18a8cdfd6b: Download complete
2026-09-02T07:05:04.9254520Z 7505145a46ec: Verifying Checksum
2026-09-02T07:05:04.9255806Z 7505145a46ec: Download complete
2026-09-02T07:05:05.1572343Z e6f31ffc071e: Verifying Checksum
2026-09-02T07:05:05.1573480Z e6f31ffc071e: Download complete
2026-09-02T07:05:05.1574868Z e6f31ffc071e: Download complete
2026-09-02T07:05:05.2886564Z dbd229483e61: Verifying Checksum
2026-09-02T07:05:05.2891549Z dbd229483e61: Download complete
2026-09-02T07:05:05.3630032Z f4e2bfbd8bcd: Verifying Checksum
2026-09-02T07:05:05.3630513Z f4e2bfbd8bcd: Download complete
2026-09-02T07:05:05.5569528Z 3f609ae12598: Verifying Checksum
2026-09-02T07:05:05.5570800Z 3f609ae12598: Download complete
2026-09-02T07:05:05.7917161Z 5f05fbb94ac9: Verifying Checksum
2026-09-02T07:05:05.7918011Z 5f05fbb94ac9: Download complete
2026-09-02T07:05:05.9288006Z c80645774acf: Download complete
2026-09-02T07:05:05.9308099Z 039e6f9f9752: Pull complete
2026-09-02T07:05:05.9308931Z 039e6f9f9752: Pull complete
2026-09-02T07:05:05.9377432Z e6f31ffc071e: Pull complete
2026-09-02T07:05:05.9379158Z e6f31ffc071e: Pull complete
2026-09-02T07:05:05.9776496Z 5e731b050e43: Verifying Checksum
2026-09-02T07:05:05.9781545Z 5e731b050e43: Download complete
2026-09-02T07:05:06.1915177Z 6db964937c43: Verifying Checksum
2026-09-02T07:05:06.1915614Z 6db964937c43: Download complete
2026-09-02T07:05:06.5796518Z 0f248d4fdffd: Verifying Checksum
2026-09-02T07:05:06.5806243Z 0f248d4fdffd: Download complete
2026-09-02T07:05:06.8005469Z cecc09177dca: Verifying Checksum
2026-09-02T07:05:06.8006206Z cecc09177dca: Download complete
2026-09-02T07:05:06.9475801Z 78f6dd8aae59: Verifying Checksum
2026-09-02T07:05:06.9478095Z 78f6dd8aae59: Download complete
2026-09-02T07:05:06.9694760Z 3adfb80f0287: Verifying Checksum
2026-09-02T07:05:06.9700944Z 3adfb80f0287: Download complete
2026-09-02T07:05:06.9792467Z 521c5280947c: Verifying Checksum
2026-09-02T07:05:06.9793124Z 521c5280947c: Download complete
2026-09-02T07:05:07.1353712Z 868d43efe767: Verifying Checksum
2026-09-02T07:05:07.1354185Z 868d43efe767: Download complete
2026-09-02T07:05:07.1462676Z 5dc68b1acf51: Verifying Checksum
2026-09-02T07:05:07.1463734Z 5dc68b1acf51: Download complete
2026-09-02T07:05:07.3181962Z e733eb89dc5d: Verifying Checksum
2026-09-02T07:05:07.3182779Z e733eb89dc5d: Download complete
2026-09-02T07:05:07.3203077Z 4816f2085dc3: Download complete
2026-09-02T07:05:07.5274257Z de155361b339: Verifying Checksum
2026-09-02T07:05:07.5274781Z de155361b339: Download complete
2026-09-02T07:05:07.6728466Z b5c055a53a29: Verifying Checksum
2026-09-02T07:05:07.6731369Z b5c055a53a29: Download complete
2026-09-02T07:05:07.7515827Z ba6e4ed5f64f: Verifying Checksum
2026-09-02T07:05:07.7516698Z ba6e4ed5f64f: Download complete
2026-09-02T07:05:07.9580084Z 753ec53a43d5: Verifying Checksum
2026-09-02T07:05:07.9580984Z 753ec53a43d5: Download complete
2026-09-02T07:05:07.9581429Z 23f574a925bf: Download complete
2026-09-02T07:05:08.1406491Z d59fb9edf862: Verifying Checksum
2026-09-02T07:05:08.1407082Z d59fb9edf862: Download complete
2026-09-02T07:05:08.4178950Z 6aa1b655ba9f: Verifying Checksum
2026-09-02T07:05:08.4179454Z 782b84fd67df: Verifying Checksum
2026-09-02T07:05:08.4180424Z 782b84fd67df: Download complete
2026-09-02T07:05:08.4181238Z 6aa1b655ba9f: Download complete
2026-09-02T07:05:08.6158177Z 5b1cd4d117f8: Verifying Checksum
2026-09-02T07:05:08.6160799Z 5b1cd4d117f8: Download complete
2026-09-02T07:05:08.6161195Z a20c7d9fd396: Download complete
2026-09-02T07:05:08.7778411Z 33a6ab621c21: Download complete
2026-09-02T07:05:08.7779675Z cb9ce6281bc1: Verifying Checksum
2026-09-02T07:05:08.7781124Z cb9ce6281bc1: Download complete
2026-09-02T07:05:08.8631809Z 5f05fbb94ac9: Pull complete
2026-09-02T07:05:08.9951689Z c6616e1dace0: Verifying Checksum
2026-09-02T07:05:08.9952295Z c6616e1dace0: Download complete
2026-09-02T07:05:08.9952867Z d055522c5978: Download complete
2026-09-02T07:05:09.1838208Z 34eb06d3d2a8: Verifying Checksum
2026-09-02T07:05:09.1838648Z 34eb06d3d2a8: Download complete
2026-09-02T07:05:09.1839165Z 2897e8a71341: Download complete
2026-09-02T07:05:09.4947307Z 6a1e93e646cb: Verifying Checksum
2026-09-02T07:05:09.4948003Z 6a1e93e646cb: Download complete
2026-09-02T07:05:09.4949124Z 2257e3a0ac1d: Verifying Checksum
2026-09-02T07:05:09.4950262Z 2257e3a0ac1d: Download complete
2026-09-02T07:05:09.6928326Z 8a1eeea57502: Verifying Checksum
2026-09-02T07:05:09.6930440Z 8a1eeea57502: Download complete
2026-09-02T07:05:09.7613881Z 942b358a87cc: Verifying Checksum
2026-09-02T07:05:09.7614971Z 942b358a87cc: Download complete
2026-09-02T07:05:09.8691983Z c441bf744145: Verifying Checksum
2026-09-02T07:05:09.8692736Z c441bf744145: Download complete
2026-09-02T07:05:09.9830394Z cd4fb4ecd8d5: Verifying Checksum
2026-09-02T07:05:09.9831055Z cd4fb4ecd8d5: Download complete
2026-09-02T07:05:10.0878107Z 358c1e4decda: Verifying Checksum
2026-09-02T07:05:10.0878621Z 358c1e4decda: Download complete
2026-09-02T07:05:10.3121061Z a014880b262f: Verifying Checksum
2026-09-02T07:05:10.3125929Z a014880b262f: Download complete
2026-09-02T07:05:10.3672562Z cbf2f7f0a3ba: Pull complete
2026-09-02T07:05:11.1107479Z 597c6c618d36: Verifying Checksum
2026-09-02T07:05:11.1108011Z 597c6c618d36: Download complete
2026-09-02T07:05:11.2784726Z c39190ba742d: Verifying Checksum
2026-09-02T07:05:11.2949219Z c39190ba742d: Download complete
2026-09-02T07:05:11.2950190Z 60414ed24b30: Download complete
2026-09-02T07:05:11.4325930Z 622a75c3aad4: Verifying Checksum
2026-09-02T07:05:11.4326786Z 622a75c3aad4: Download complete
2026-09-02T07:05:11.7995125Z 0d29c829782d: Verifying Checksum
2026-09-02T07:05:11.7996454Z 0d29c829782d: Download complete
2026-09-02T07:05:11.8637286Z ba9e24d39072: Verifying Checksum
2026-09-02T07:05:11.8640500Z ba9e24d39072: Download complete
2026-09-02T07:05:12.0399836Z a70653f7a2d5: Verifying Checksum
2026-09-02T07:05:12.0401279Z a70653f7a2d5: Download complete
2026-09-02T07:05:12.1436598Z dbd229483e61: Pull complete
2026-09-02T07:05:12.1828380Z 213ec9aee27d: Verifying Checksum
2026-09-02T07:05:12.1831896Z 213ec9aee27d: Download complete
2026-09-02T07:05:12.3382756Z 814dd06d26c7: Verifying Checksum
2026-09-02T07:05:12.3384081Z 814dd06d26c7: Download complete
2026-09-02T07:05:12.3675260Z 662b1f44f1ee: Verifying Checksum
2026-09-02T07:05:12.3675748Z 662b1f44f1ee: Download complete
2026-09-02T07:05:12.4897732Z 531e3bd93090: Download complete
2026-09-02T07:05:12.5861024Z e326d083c2c9: Download complete
2026-09-02T07:05:12.6591709Z 565df2d910df: Verifying Checksum
2026-09-02T07:05:12.6592226Z 565df2d910df: Download complete
2026-09-02T07:05:12.6756108Z 95403727e7d4: Download complete
2026-09-02T07:05:12.8385977Z 1278e66a267c: Verifying Checksum
2026-09-02T07:05:12.8386958Z 1278e66a267c: Download complete
2026-09-02T07:05:12.8391723Z dc286a8aa197: Verifying Checksum
2026-09-02T07:05:12.8392859Z dc286a8aa197: Download complete
2026-09-02T07:05:12.9975420Z f4e2bfbd8bcd: Pull complete
2026-09-02T07:05:12.9977023Z 213ec9aee27d: Pull complete
2026-09-02T07:05:13.0308685Z 44c4479b4ddc: Verifying Checksum
2026-09-02T07:05:13.0309201Z 44c4479b4ddc: Download complete
2026-09-02T07:05:13.2348934Z 518a41cba818: Verifying Checksum
2026-09-02T07:05:13.2349496Z 518a41cba818: Download complete
2026-09-02T07:05:13.3366560Z 119d43eec815: Verifying Checksum
2026-09-02T07:05:13.3367106Z 119d43eec815: Download complete
2026-09-02T07:05:13.4789838Z 9ea61687a3a0: Verifying Checksum
2026-09-02T07:05:13.4790373Z 9ea61687a3a0: Download complete
2026-09-02T07:05:13.6296944Z f2955455e628: Verifying Checksum
2026-09-02T07:05:13.6297546Z f2955455e628: Download complete
2026-09-02T07:05:13.6361742Z 5cc11540fc65: Verifying Checksum
2026-09-02T07:05:13.6362407Z 5cc11540fc65: Download complete
2026-09-02T07:05:13.9405460Z 597c6c618d36: Pull complete
2026-09-02T07:05:14.0872553Z c895300000d9: Verifying Checksum
2026-09-02T07:05:14.0873030Z c895300000d9: Download complete
2026-09-02T07:05:14.3711573Z cf5270183f88: Verifying Checksum
2026-09-02T07:05:14.3712460Z cf5270183f88: Download complete
2026-09-02T07:05:14.6120477Z 4f4fb700ef54: Verifying Checksum
2026-09-02T07:05:14.6121483Z 4f4fb700ef54: Download complete
2026-09-02T07:05:14.8748583Z f623498ee610: Verifying Checksum
2026-09-02T07:05:14.8749537Z f623498ee610: Download complete
2026-09-02T07:05:14.8817643Z a7b1a0a461fc: Verifying Checksum
2026-09-02T07:05:14.8819894Z a7b1a0a461fc: Download complete
2026-09-02T07:05:15.5801543Z 7e63fbbc2e50: Download complete
2026-09-02T07:05:15.6440038Z 062e450697fa: Verifying Checksum
2026-09-02T07:05:15.6448642Z 062e450697fa: Download complete
2026-09-02T07:05:15.8933136Z 219bccc39f10: Verifying Checksum
2026-09-02T07:05:15.8934061Z 219bccc39f10: Download complete
2026-09-02T07:05:15.9713638Z aadc1df55248: Verifying Checksum
2026-09-02T07:05:15.9716010Z aadc1df55248: Download complete
2026-09-02T07:05:16.2041649Z 9d445f162b30: Verifying Checksum
2026-09-02T07:05:16.2042745Z 9d445f162b30: Download complete
2026-09-02T07:05:16.3824041Z f066bdfa8565: Verifying Checksum
2026-09-02T07:05:16.3825508Z f066bdfa8565: Download complete
2026-09-02T07:05:16.4274301Z 07f6c7f37eb7: Verifying Checksum
2026-09-02T07:05:16.4275395Z 07f6c7f37eb7: Download complete
2026-09-02T07:05:16.4576439Z 0ced55f3e717: Verifying Checksum
2026-09-02T07:05:16.4584529Z 0ced55f3e717: Download complete
2026-09-02T07:05:16.5710351Z e39a20378c07: Verifying Checksum
2026-09-02T07:05:16.5713232Z e39a20378c07: Download complete
2026-09-02T07:05:16.6126715Z 4683247db99b: Verifying Checksum
2026-09-02T07:05:16.6127568Z 4683247db99b: Download complete
2026-09-02T07:05:16.6879839Z 119d43eec815: Pull complete
2026-09-02T07:05:16.7473746Z 62d958520b0b: Verifying Checksum
2026-09-02T07:05:16.7474326Z 62d958520b0b: Download complete
2026-09-02T07:05:16.7904854Z 4f4fb700ef54: Verifying Checksum
2026-09-02T07:05:16.7905454Z 4f4fb700ef54: Download complete
2026-09-02T07:05:17.0632743Z 5404bc2cc13c: Pull complete
2026-09-02T07:05:17.0653970Z 5404bc2cc13c: Pull complete
2026-09-02T07:05:17.0809797Z ac006f7e52ef: Verifying Checksum
2026-09-02T07:05:17.0812126Z ac006f7e52ef: Download complete
2026-09-02T07:05:17.0887947Z c0c4dc518956: Verifying Checksum
2026-09-02T07:05:17.0889488Z c0c4dc518956: Download complete
2026-09-02T07:05:17.3997855Z 512fd86e6200: Verifying Checksum
2026-09-02T07:05:17.3998875Z 512fd86e6200: Download complete
2026-09-02T07:05:18.0988155Z bcf274f2d0ac: Verifying Checksum
2026-09-02T07:05:18.0989057Z bcf274f2d0ac: Download complete
2026-09-02T07:05:18.1437086Z b7d0efd3fc9c: Verifying Checksum
2026-09-02T07:05:18.1438787Z b7d0efd3fc9c: Download complete
2026-09-02T07:05:18.5276009Z 264588d8dd60: Verifying Checksum
2026-09-02T07:05:18.5277610Z 264588d8dd60: Download complete
2026-09-02T07:05:19.2425391Z bcf274f2d0ac: Pull complete
2026-09-02T07:05:19.9663835Z Digest: sha256:5922bde07147b82b1c9d8f749e48c1e5b99ebb233f3888bb7ab65f07cf4ac82d
2026-09-02T07:05:20.1186348Z Status: Downloaded newer image for ghcr.io/supabase/postgrest:v16.1
2026-09-02T07:05:20.1302118Z 062e450697fa: Pull complete
2026-09-02T07:05:20.2901087Z ghcr.io/supabase/postgrest:v16.1
2026-09-02T07:05:30.3707586Z 565df2d910df: Pull complete
2026-09-02T07:05:30.3708604Z 4816f2085dc3: Pull complete
2026-09-02T07:05:30.3709155Z 95403727e7d4: Pull complete
2026-09-02T07:05:30.3709654Z 5cc11540fc65: Pull complete
2026-09-02T07:05:30.3710330Z 521c5280947c: Pull complete
2026-09-02T07:05:30.3710987Z aadc1df55248: Pull complete
2026-09-02T07:05:30.3711408Z 555d35074583: Pull complete
2026-09-02T07:05:30.3711755Z 555d35074583: Pull complete
2026-09-02T07:05:30.3712470Z c39190ba742d: Pull complete
2026-09-02T07:05:30.4391206Z 7b95344fc011: Pull complete
2026-09-02T07:05:30.4862263Z a70653f7a2d5: Pull complete
2026-09-02T07:05:30.9599430Z 5dc68b1acf51: Pull complete
2026-09-02T07:05:31.0810415Z 3f609ae12598: Pull complete
2026-09-02T07:05:32.6197229Z 60414ed24b30: Pull complete
2026-09-02T07:05:32.7691426Z 0179246107e3: Pull complete
2026-09-02T07:05:35.3337280Z 9ea61687a3a0: Pull complete
2026-09-02T07:05:36.0303125Z 07f6c7f37eb7: Pull complete
2026-09-02T07:05:36.2493200Z c8a04bee2d5a: Pull complete
2026-09-02T07:05:36.2493862Z c80645774acf: Pull complete
2026-09-02T07:05:36.2702824Z e326d083c2c9: Pull complete
2026-09-02T07:05:36.9919794Z Digest: sha256:37a38e48e9338cd7e89dfeb487f37b02ebfcd9cb23111bed2d345e79d37d6dd6
2026-09-02T07:05:37.3495790Z Status: Downloaded newer image for ghcr.io/supabase/mailpit:v1.30.2
2026-09-02T07:05:37.3525563Z ghcr.io/supabase/mailpit:v1.30.2
2026-09-02T07:05:37.3992157Z 219bccc39f10: Pull complete
2026-09-02T07:05:37.4803146Z dc286a8aa197: Pull complete
2026-09-02T07:05:37.4837451Z 8f99eb9866f3: Pull complete
2026-09-02T07:05:37.4838110Z 4f4fb700ef54: Pull complete
2026-09-02T07:05:37.4838707Z 8f99eb9866f3: Pull complete
2026-09-02T07:05:37.6141860Z 0d29c829782d: Pull complete
2026-09-02T07:05:37.6169897Z 5e731b050e43: Pull complete
2026-09-02T07:05:37.6211587Z 9d445f162b30: Pull complete
2026-09-02T07:05:37.6457964Z Digest: sha256:ca92d617e905953c3f852e7e88061f7039460e733522e3f0c21bc6ae946b2558
2026-09-02T07:05:37.6492020Z Status: Downloaded newer image for ghcr.io/supabase/vector:0.53.0-alpine
2026-09-02T07:05:37.6533775Z ghcr.io/supabase/vector:0.53.0-alpine
2026-09-02T07:05:40.1830455Z c0ed9f2d0e0e: Pull complete
2026-09-02T07:05:40.1831297Z c0ed9f2d0e0e: Pull complete
2026-09-02T07:05:43.0425824Z f066bdfa8565: Pull complete
2026-09-02T07:05:43.1521455Z 4b118796ff6a: Pull complete
2026-09-02T07:05:54.3961955Z 518a41cba818: Pull complete
2026-09-02T07:05:56.6354459Z 23c96171f2fe: Pull complete
2026-09-02T07:05:56.6355066Z 662b1f44f1ee: Pull complete
2026-09-02T07:05:56.6359094Z 0ced55f3e717: Pull complete
2026-09-02T07:05:56.6360266Z 531e3bd93090: Pull complete
2026-09-02T07:05:56.6360863Z 7e63fbbc2e50: Pull complete
2026-09-02T07:05:56.6373791Z b7d0efd3fc9c: Pull complete
2026-09-02T07:05:56.6374495Z 1278e66a267c: Pull complete
2026-09-02T07:05:56.6870095Z f2955455e628: Pull complete
2026-09-02T07:05:56.7228317Z e39a20378c07: Pull complete
2026-09-02T07:05:56.8442038Z 44c4479b4ddc: Pull complete
2026-09-02T07:05:56.9627950Z 814dd06d26c7: Pull complete
2026-09-02T07:05:57.1424788Z Digest: sha256:c0c25187a6b835e65a6f6e6c6b39d090e832d40e6de5186f2c038e0411944232
2026-09-02T07:05:57.5497372Z Status: Downloaded newer image for ghcr.io/supabase/gotrue:v2.196.0
2026-09-02T07:05:57.7427577Z Digest: sha256:1b53405d8680a09d6f44494b7990bf7da2ea43f84a258c59717d4539abf09f6d
2026-09-02T07:05:58.5271460Z ghcr.io/supabase/gotrue:v2.196.0
2026-09-02T07:05:58.7027197Z Status: Downloaded newer image for ghcr.io/supabase/kong:2.8.1
2026-09-02T07:05:58.7650255Z ghcr.io/supabase/kong:2.8.1
2026-09-02T07:06:03.9368842Z 622a75c3aad4: Pull complete
2026-09-02T07:06:07.1293143Z 4683247db99b: Pull complete
2026-09-02T07:06:07.2108406Z ba9e24d39072: Pull complete
2026-09-02T07:06:07.2110453Z 753ab3b39a58: Pull complete
2026-09-02T07:06:07.2111809Z c0c4dc518956: Pull complete
2026-09-02T07:06:07.2112174Z a7b1a0a461fc: Pull complete
2026-09-02T07:06:07.2113418Z e733eb89dc5d: Pull complete
2026-09-02T07:06:07.2114486Z 0f248d4fdffd: Pull complete
2026-09-02T07:06:07.7315246Z Digest: sha256:c52405002a890ca9fcf77978671c57f3a988e03174afb277f84ac65bc917013c
2026-09-02T07:06:07.7609739Z Status: Downloaded newer image for ghcr.io/supabase/edge-runtime:v1.74.3
2026-09-02T07:06:07.7643444Z ghcr.io/supabase/edge-runtime:v1.74.3
2026-09-02T07:06:08.9351534Z 6db964937c43: Pull complete
2026-09-02T07:06:08.9352374Z 5c18a8cdfd6b: Pull complete
2026-09-02T07:06:08.9352821Z b5c055a53a29: Pull complete
2026-09-02T07:06:08.9356106Z c895300000d9: Pull complete
2026-09-02T07:06:08.9356473Z ac006f7e52ef: Pull complete
2026-09-02T07:06:08.9370565Z 512fd86e6200: Pull complete
2026-09-02T07:06:09.6961713Z de155361b339: Pull complete
2026-09-02T07:06:09.6969860Z 62d958520b0b: Pull complete
2026-09-02T07:06:10.4006314Z 7505145a46ec: Pull complete
2026-09-02T07:06:10.4487234Z 4f4fb700ef54: Pull complete
2026-09-02T07:06:10.8333429Z Digest: sha256:cef71ba901751dcc242cc685cf13786935ea8926820fb342f23bb0fbef77de5a
2026-09-02T07:06:11.0908444Z Status: Downloaded newer image for ghcr.io/supabase/postgres-meta:v0.98.0
2026-09-02T07:06:11.0921537Z Digest: sha256:3211f8ebd59edcd0aa772186f1c8249c82c6b1ae5565f40dedb7aa93e951fe37
2026-09-02T07:06:11.1192015Z ghcr.io/supabase/postgres-meta:v0.98.0
2026-09-02T07:06:11.3326615Z Status: Downloaded newer image for ghcr.io/supabase/realtime:v2.129.3
2026-09-02T07:06:11.4082330Z ghcr.io/supabase/realtime:v2.129.3
2026-09-02T07:06:21.5312050Z cf5270183f88: Pull complete
2026-09-02T07:06:21.8054528Z ba6e4ed5f64f: Pull complete
2026-09-02T07:06:21.8082010Z 4f4fb700ef54: Pull complete
2026-09-02T07:06:21.8200788Z 264588d8dd60: Pull complete
2026-09-02T07:06:21.8292153Z Digest: sha256:08dc77f12e08faacc55960fef1dce37fa73d16acb52abeb216aa23dc5e70824b
2026-09-02T07:06:21.8699194Z Status: Downloaded newer image for ghcr.io/supabase/studio:2026.08.17-sha-0c1da8f
2026-09-02T07:06:21.8727324Z ghcr.io/supabase/studio:2026.08.17-sha-0c1da8f
2026-09-02T07:06:21.8839162Z f623498ee610: Pull complete
2026-09-02T07:06:22.0079614Z Digest: sha256:758946be2bb7622b2ab2ed8408f5024871a5463ceb03326ec56fb9d4a1651c02
2026-09-02T07:06:22.0151971Z Status: Downloaded newer image for ghcr.io/supabase/logflare:1.50.4
2026-09-02T07:06:22.0170761Z 753ec53a43d5: Pull complete
2026-09-02T07:06:22.0171494Z ghcr.io/supabase/logflare:1.50.4
2026-09-02T07:06:22.0549563Z 23f574a925bf: Pull complete
2026-09-02T07:06:22.0952488Z 782b84fd67df: Pull complete
2026-09-02T07:06:22.1123272Z d59fb9edf862: Pull complete
2026-09-02T07:06:22.2585899Z 6aa1b655ba9f: Pull complete
2026-09-02T07:06:22.2784355Z a20c7d9fd396: Pull complete
2026-09-02T07:06:22.3535448Z 5b1cd4d117f8: Pull complete
2026-09-02T07:06:22.8922966Z 33a6ab621c21: Pull complete
2026-09-02T07:06:23.1342571Z cb9ce6281bc1: Pull complete
2026-09-02T07:06:23.1548112Z d055522c5978: Pull complete
2026-09-02T07:06:23.1677574Z c6616e1dace0: Pull complete
2026-09-02T07:06:23.3915477Z 2897e8a71341: Pull complete
2026-09-02T07:06:23.7924967Z 34eb06d3d2a8: Pull complete
2026-09-02T07:06:24.0174465Z 6a1e93e646cb: Pull complete
2026-09-02T07:06:24.0592526Z 2257e3a0ac1d: Pull complete
2026-09-02T07:06:24.0923495Z 8a1eeea57502: Pull complete
2026-09-02T07:06:24.1334168Z 942b358a87cc: Pull complete
2026-09-02T07:06:24.2740067Z c441bf744145: Pull complete
2026-09-02T07:06:24.3112009Z cd4fb4ecd8d5: Pull complete
2026-09-02T07:06:24.5417086Z 358c1e4decda: Pull complete
2026-09-02T07:06:24.6306680Z a014880b262f: Pull complete
2026-09-02T07:06:24.6367051Z Digest: sha256:28f0e16a019e648089fc1a6d333549a55548f6019c15ae4bd7cd58b989027518
2026-09-02T07:06:24.6383377Z Status: Downloaded newer image for ghcr.io/supabase/postgres:17.6.1.165
2026-09-02T07:06:24.6431814Z ghcr.io/supabase/postgres:17.6.1.165
2026-09-02T07:06:32.4325446Z 78f6dd8aae59: Pull complete
2026-09-02T07:06:32.7675677Z cecc09177dca: Pull complete
2026-09-02T07:06:32.8731694Z 3adfb80f0287: Pull complete
2026-09-02T07:06:33.0683326Z 868d43efe767: Pull complete
2026-09-02T07:06:33.2340551Z Digest: sha256:528ec49c3c32561908b07ee91bced7f8456f3b688164e341eaa422441767a0bd
2026-09-02T07:06:33.2365173Z Status: Downloaded newer image for ghcr.io/supabase/storage-api:v1.70.3
2026-09-02T07:06:33.2381481Z ghcr.io/supabase/storage-api:v1.70.3
2026-09-02T07:06:33.2707951Z Starting database...
2026-09-02T07:06:45.4669044Z Initialising schema...
2026-09-02T07:06:54.2639482Z Seeding globals from roles.sql...
2026-09-02T07:06:54.3800764Z Applying migration 20260705211044_core_auth_multitenancy.sql...
2026-09-02T07:06:54.4545618Z Applying migration 20260705211129_chronic_disease.sql...
2026-09-02T07:06:54.5048645Z Applying migration 20260705211237_prevention.sql...
2026-09-02T07:06:54.5617990Z Applying migration 20260705211315_care_coordination.sql...
2026-09-02T07:06:54.7830116Z Applying migration 20260705211343_b2b_billing.sql...
2026-09-02T07:06:54.8040132Z Applying migration 20260705211409_platform_infra.sql...
2026-09-02T07:06:54.8210088Z Applying migration 20260705211611_merge_nurse_into_clinician.sql...
2026-09-02T07:06:54.8347430Z Applying migration 20260706001528_vitals_reminders.sql...
2026-09-02T07:06:54.8903733Z Applying migration 20260706024722_medication_schedule_refills.sql...
2026-09-02T07:06:54.9067017Z Applying migration 20260706033358_revoke_rls_auto_enable_execute.sql...
2026-09-02T07:06:54.9121881Z Applying migration 20260706074302_patient_sees_assigned_clinician_name.sql...
2026-09-02T07:06:54.9174796Z Applying migration 20260706084828_default_consumer_organisation.sql...
2026-09-02T07:06:54.9226078Z Applying migration 20260706084837_seed_default_consumer_org_and_handle_new_user.sql...
2026-09-02T07:06:54.9285504Z Applying migration 20260706084848_profile_access.sql...
2026-09-02T07:06:54.9371279Z Applying migration 20260706084905_prevention_risk_assessment.sql...
2026-09-02T07:06:54.9485068Z Applying migration 20260706084920_vaccination_registry.sql...
2026-09-02T07:06:54.9588258Z Applying migration 20260706084934_facilities_booking_requests.sql...
2026-09-02T07:06:54.9711671Z Applying migration 20260706084944_ai_conversations.sql...
2026-09-02T07:06:54.9790575Z Applying migration 20260706084949_add_push_notification_channel.sql...
2026-09-02T07:06:54.9834402Z Applying migration 20260706091138_notification_retry_columns.sql...
2026-09-02T07:06:54.9883777Z Applying migration 20260706091332_schedule_notification_sender.sql...
2026-09-02T07:06:55.0028391Z Applying migration 20260706091611_reinstall_pg_net_in_extensions_schema.sql...
2026-09-02T07:06:55.0182639Z Applying migration 20260706093538_prevention_risk_scores_patient_write.sql...
2026-09-02T07:06:55.0233774Z Applying migration 20260706100902_screening_schedules_patient_write.sql...
2026-09-02T07:06:55.0282384Z Applying migration 20260707045443_facility_services_and_booking_reminders.sql...
2026-09-02T07:06:55.0388006Z Applying migration 20260707071318_ai_coach_access_rules.sql...
2026-09-02T07:06:55.0476952Z Applying migration 20260707072157_ai_coach_access_public_rpc.sql...
2026-09-02T07:06:55.0526067Z Applying migration 20260707072321_revoke_public_execute_has_ai_coach_access.sql...
2026-09-02T07:06:55.0566828Z Applying migration 20260707072420_revoke_anon_execute_has_ai_coach_access.sql...
2026-09-02T07:06:55.1454158Z Applying migration 20260707074210_ai_coach_daily_limits.sql...
2026-09-02T07:06:55.1609599Z Applying migration 20260707212140_lab_analyte_readings.sql...
2026-09-02T07:06:55.1688103Z Applying migration 20260709001520_add_doctor_role.sql...
2026-09-02T07:06:55.1730103Z Applying migration 20260709001529_escalations_doctor_assignment.sql...
2026-09-02T07:06:55.1809641Z Applying migration 20260711211535_abnormal_result_handler_trigger.sql...
2026-09-02T07:06:55.1942460Z Applying migration 20260711212253_audit_log_organisation_restrict.sql...
2026-09-02T07:06:55.1998472Z Applying migration 20260711222638_fix_handle_new_user_metadata_timing_and_phone.sql...
2026-09-02T07:06:55.2537779Z Applying migration 20260712010514_support_messages.sql...
2026-09-02T07:06:55.2625244Z Applying migration 20260712024423_leads.sql...
2026-09-02T07:06:55.2693194Z Applying migration 20260712175812_rename_nurse_alerts_constraints.sql...
2026-09-02T07:06:55.2738234Z Applying migration 20260712191500_clinical_staff.sql...
2026-09-02T07:06:55.2825524Z Applying migration 20260712191600_escalations_reviewed_by.sql...
2026-09-02T07:06:55.2888649Z Applying migration 20260712201000_care_team_assignment.sql...
2026-09-02T07:06:55.2980789Z Applying migration 20260712201431_subscription_plans_paystack_sync.sql...
2026-09-02T07:06:55.3031737Z Applying migration 20260712201454_add_ons_and_subscription_add_ons.sql...
2026-09-02T07:06:55.3165411Z Applying migration 20260712201507_payment_transactions.sql...
2026-09-02T07:06:55.3755410Z Applying migration 20260712201523_generalized_feature_access.sql...
2026-09-02T07:06:55.3827420Z Applying migration 20260712201534_family_plan_member_limits.sql...
2026-09-02T07:06:55.3886499Z Applying migration 20260712201925_subscription_provider_email_token.sql...
2026-09-02T07:06:55.4009634Z Applying migration 20260712202559_find_profile_by_phone_same_org.sql...
2026-09-02T07:06:55.4059033Z Applying migration 20260712203438_enforce_price_lock.sql...
2026-09-02T07:06:55.4111699Z Applying migration 20260712205326_payment_transactions_add_on_index.sql...
2026-09-02T07:06:55.4153646Z Applying migration 20260712210000_protocol_versions.sql...
2026-09-02T07:06:55.4227170Z Applying migration 20260712220000_clinical_staff_verification.sql...
2026-09-02T07:06:55.4281431Z Applying migration 20260712230000_onboarding_completed_at.sql...
2026-09-02T07:06:55.4324881Z Applying migration 20260712231500_support_messages_sender.sql...
2026-09-02T07:06:55.4375813Z Applying migration 20260713134640_stripe_payment_transaction_type.sql...
2026-09-02T07:06:55.4415845Z Applying migration 20260713134701_stripe_plan_columns.sql...
2026-09-02T07:06:55.4456198Z Applying migration 20260713183000_clinical_staff_indemnity.sql...
2026-09-02T07:06:55.4502781Z Applying migration 20260713193000_clinical_staff_indemnity_exemptions.sql...
2026-09-02T07:06:55.4628395Z Applying migration 20260713210000_patient_devices_and_vitals_source.sql...
2026-09-02T07:06:55.4728404Z Applying migration 20260714120000_symptom_tracking.sql...
2026-09-02T07:06:55.6467071Z Applying migration 20260714130000_outcomes_contracts.sql...
2026-09-02T07:06:55.6546527Z Applying migration 20260714140000_wearable_connections.sql...
2026-09-02T07:06:55.6669597Z Applying migration 20260715001642_booking_payment_columns.sql...
2026-09-02T07:06:55.6744530Z Applying migration 20260715001653_booking_status_enum_values.sql...
2026-09-02T07:06:55.6793637Z Applying migration 20260715003255_reference_numbers_specialist_catalogue_commission_rate_types.sql...
2026-09-02T07:06:55.6934843Z Applying migration 20260715003319_fix_next_reference_search_path.sql...
2026-09-02T07:06:55.6978075Z Applying migration 20260715004247_specialist_referrals_provider_link.sql...
2026-09-02T07:06:55.7429399Z Applying migration 20260715011327_lab_single_test_bundles.sql...
2026-09-02T07:06:55.7477174Z Applying migration 20260715115451_commission_dashboard.sql...
2026-09-02T07:06:55.7589855Z Applying migration 20260715125456_clinician_originated_orders.sql...
2026-09-02T07:06:55.7731602Z Applying migration 20260715142113_doctor_led_pricing_v2_family_tiers.sql...
2026-09-02T07:06:55.7787899Z Applying migration 20260715142500_sync_gbp_diaspora_plans_to_stripe.sql...
2026-09-02T07:06:55.7836129Z Applying migration 20260715144923_sync_family_plus_premium_to_paystack.sql...
2026-09-02T07:06:55.7877138Z Applying migration 20260715145153_sync_extra_family_member_addons_to_paystack.sql...
2026-09-02T07:06:55.7918685Z Applying migration 20260715162815_care_navigation_directory_columns.sql...
2026-09-02T07:06:55.7968263Z Applying migration 20260715162958_employer_roster_members.sql...
2026-09-02T07:06:55.8092401Z Applying migration 20260715163030_outcome_reports.sql...
2026-09-02T07:06:55.8605401Z Applying migration 20260715172711_clinical_staff_doctor_tier.sql...
2026-09-02T07:06:55.8673623Z Applying migration 20260715172721_add_care_coordinator_role.sql...
2026-09-02T07:06:56.0477699Z Applying migration 20260715172825_clinician_alerts_escalation_level.sql...
2026-09-02T07:06:56.0560856Z Applying migration 20260715172833_lab_orders_investigation_tier.sql...
2026-09-02T07:06:56.1028574Z Applying migration 20260715175909_retire_clinical_staff_role.sql...
2026-09-02T07:06:56.1124716Z Applying migration 20260715181500_pharmacy_authority_by_tier.sql...
2026-09-02T07:06:56.1184435Z Applying migration 20260715190000_medications_confirm_refill.sql...
2026-09-02T07:06:56.1280053Z Applying migration 20260715230120_home_visit_and_logistics_partners.sql...
2026-09-02T07:06:56.1360499Z Applying migration 20260715230129_lab_pharmacy_orders_logistics_columns.sql...
2026-09-02T07:06:56.1423169Z Applying migration 20260715230137_commission_type_home_visit_delivery.sql...
2026-09-02T07:06:56.1462724Z Applying migration 20260715230149_home_visit_delivery_commission_triggers.sql...
2026-09-02T07:06:56.1536908Z Applying migration 20260715230156_set_pharmacy_order_delivery_address.sql...
2026-09-02T07:06:56.1593048Z Applying migration 20260716000038_enforce_active_logistics_partners.sql...
2026-09-02T07:06:56.1644944Z Applying migration 20260716090000_severity_driven_alert_urgency.sql...
2026-09-02T07:06:56.1705745Z Applying migration 20260716093000_specialist_referral_urgency_and_summary.sql...
2026-09-02T07:06:56.1756496Z Applying migration 20260716100000_specialist_referrals_pipeline_timestamps.sql...
2026-09-02T07:06:56.1804661Z Applying migration 20260716103000_specialist_provider_matching_fields.sql...
2026-09-02T07:06:56.1858107Z Applying migration 20260716110000_video_consultations.sql...
2026-09-02T07:06:56.1971788Z Applying migration 20260716113000_referral_status_add_waitlisted.sql...
2026-09-02T07:06:56.2013856Z Applying migration 20260716113500_specialist_referrals_waitlist_columns.sql...
2026-09-02T07:06:56.2055749Z Applying migration 20260716120000_pharmacy_partners_contact_location.sql...
2026-09-02T07:06:56.2499950Z Applying migration 20260716121000_patient_allergies.sql...
2026-09-02T07:06:56.2617262Z Applying migration 20260716122000_pharmacy_order_notifications.sql...
2026-09-02T07:06:56.2799048Z Applying migration 20260716123000_pharmacy_order_fulfilment_method.sql...
2026-09-02T07:06:56.2848608Z Applying migration 20260716150000_care_gap_view.sql...
2026-09-02T07:06:56.2944001Z Applying migration 20260716160000_profiles_location.sql...
2026-09-02T07:06:56.2989063Z Applying migration 20260716161000_facilities_area_provider_link.sql...
2026-09-02T07:06:56.3060052Z Applying migration 20260716162000_lab_orders_facility.sql...
2026-09-02T07:06:56.3106294Z Applying migration 20260716163000_partner_specialist_location.sql...
2026-09-02T07:06:56.3158563Z Applying migration 20260716170000_medication_source_specialist.sql...
2026-09-02T07:06:56.3194578Z Applying migration 20260716170001_parentcare_subscription_tier.sql...
2026-09-02T07:06:56.5770418Z Applying migration 20260716171000_medication_lifecycle.sql...
2026-09-02T07:06:56.5819581Z Applying migration 20260716171001_patient_quarterly_reports.sql...
2026-09-02T07:06:56.5891232Z Applying migration 20260716172000_medication_review_engine.sql...
2026-09-02T07:06:56.6444564Z Applying migration 20260716173000_drug_class_lab_monitoring.sql...
2026-09-02T07:06:56.6575956Z Applying migration 20260716174000_medication_adherence_checkins.sql...
2026-09-02T07:06:56.6713831Z Applying migration 20260716175000_medication_adherence_escalation.sql...
2026-09-02T07:06:56.6857895Z Applying migration 20260716176000_pharmacy_order_dispenses.sql...
2026-09-02T07:06:56.6946765Z Applying migration 20260716177000_user_role_pharmacist.sql...
2026-09-02T07:06:56.6985508Z Applying migration 20260716178000_pharmacist_surface.sql...
2026-09-02T07:06:56.7057993Z Applying migration 20260716180000_patient_consent.sql...
2026-09-02T07:06:56.7193889Z Applying migration 20260716181000_care_plan_recommendations.sql...
2026-09-02T07:06:56.7314036Z Applying migration 20260716182000_identity_verification.sql...
2026-09-02T07:06:56.7403339Z Applying migration 20260716190000_vaccination_schedules.sql...
2026-09-02T07:06:56.7498772Z Applying migration 20260716191000_preventive_programmes.sql...
2026-09-02T07:06:56.7613043Z Applying migration 20260716192000_preventive_reviews.sql...
2026-09-02T07:06:56.7715658Z Applying migration 20260716200000_notification_broadcasts.sql...
2026-09-02T07:06:56.7845099Z Applying migration 20260716223124_chronic_condition_enum.sql...
2026-09-02T07:06:56.7883174Z Applying migration 20260716223231_chronic_condition_programmes.sql...
2026-09-02T07:06:56.7971556Z Applying migration 20260716223544_condition_protocols.sql...
2026-09-02T07:06:56.8049195Z Applying migration 20260716223642_chronic_programme_enrolments.sql...
2026-09-02T07:06:56.8155523Z Applying migration 20260716224736_emergency_escalation.sql...
2026-09-02T07:06:56.8405060Z Applying migration 20260717100000_service_regions.sql...
2026-09-02T07:06:56.8482497Z Applying migration 20260717101000_region_service_available.sql...
2026-09-02T07:06:56.8595204Z Applying migration 20260717102000_region_waitlist.sql...
2026-09-02T07:06:56.8679564Z Applying migration 20260717103000_region_gate_triggers.sql...
2026-09-02T07:06:56.8739429Z Applying migration 20260717104000_notify_region_waitlist.sql...
2026-09-02T07:06:56.8865182Z Applying migration 20260717120000_annual_health_review.sql...
2026-09-02T07:06:56.9082154Z Applying migration 20260717120001_vaccination_verified_pathway.sql...
2026-09-02T07:06:56.9207486Z Applying migration 20260717121000_annual_review_video_link.sql...
2026-09-02T07:06:56.9254624Z Applying migration 20260717122000_annual_review_scheduling_addon.sql...
2026-09-02T07:06:56.9634405Z Applying migration 20260717123000_annual_review_entitlement_all_variants.sql...
2026-09-02T07:06:56.9679967Z Applying migration 20260717140000_lifestyle_coaching.sql...
2026-09-02T07:06:57.0028402Z Applying migration 20260717141000_lifestyle_coaching_entitlement.sql...
2026-09-02T07:06:57.0077106Z Applying migration 20260717150000_health_education.sql...
2026-09-02T07:06:57.0241074Z Applying migration 20260717151000_health_education_entitlement.sql...
2026-09-02T07:06:57.0282923Z Applying migration 20260717180633_add_analyst_role.sql...
2026-09-02T07:06:57.0318982Z Applying migration 20260717180931_analytics_console_rpcs.sql...
2026-09-02T07:06:57.0491551Z Applying migration 20260717181248_analytics_console_grants.sql...
2026-09-02T07:06:57.0542962Z Applying migration 20260717181320_patient_hospital_admissions.sql...
2026-09-02T07:06:57.0667247Z Applying migration 20260717181349_patient_timeline_view.sql...
2026-09-02T07:06:57.0740768Z Applying migration 20260717192702_web_events_capture.sql...
2026-09-02T07:06:57.1366998Z Applying migration 20260717193112_analytics_console_phase2_rpcs.sql...
2026-09-02T07:06:57.1591744Z Applying migration 20260717194949_analytics_user_facility_segments.sql...
2026-09-02T07:06:57.1775454Z Applying migration 20260717200417_analytics_governance_finance_tables.sql...
2026-09-02T07:06:57.1906674Z Applying migration 20260717200710_analytics_governance_investor_accounting_rpcs.sql...
2026-09-02T07:06:57.2308062Z Applying migration 20260717200820_fix_analytics_investor_waterfall.sql...
2026-09-02T07:06:57.2496488Z Applying migration 20260717213108_analytics_staff_activity_rpc.sql...
2026-09-02T07:06:57.2589825Z Applying migration 20260717214814_hospital_admission_discharge_review.sql...
2026-09-02T07:06:57.2682682Z Applying migration 20260717215106_hospital_admission_discharge_fix.sql...
2026-09-02T07:06:57.2734839Z Applying migration 20260717215323_hospital_admission_discharge_on_insert.sql...
2026-09-02T07:06:57.2775572Z Applying migration 20260717221852_patient_timeline.sql...
2026-09-02T07:06:57.3028324Z Applying migration 20260717221918_patient_timeline_actor_index.sql...
2026-09-02T07:06:57.3068122Z Applying migration 20260717223000_care_plan_review_prompts.sql...
2026-09-02T07:06:57.3225617Z Applying migration 20260718205129_analytics_doctor_performance_rpc.sql...
2026-09-02T07:06:57.3394186Z Applying migration 20260718210323_analytics_patient_activity_rpcs.sql...
2026-09-02T07:06:57.3476814Z Applying migration 20260718230000_rbac_permissions.sql...
2026-09-02T07:06:57.4785238Z Applying migration 20260718230100_rbac_partner_rls_and_analyst_admin.sql...
2026-09-02T07:06:57.4875574Z Applying migration 20260718230200_admin_member_activity.sql...
2026-09-02T07:06:57.4927363Z Applying migration 20260719100000_nutrition_meal_analysis.sql...
2026-09-02T07:06:57.5038055Z Applying migration 20260719105000_timeline_message_event.sql...
2026-09-02T07:06:57.5425983Z Applying migration 20260719110000_care_messages.sql...
2026-09-02T07:06:57.5618729Z Applying migration 20260719115000_vital_source_cgm.sql...
2026-09-02T07:06:57.5659337Z Applying migration 20260719120000_cgm_ingestion.sql...
2026-09-02T07:06:57.5771053Z Applying migration 20260719120001_lpe_foundation.sql...
2026-09-02T07:06:57.6108690Z Applying migration 20260719121000_retire_old_lifestyle_layer.sql...
2026-09-02T07:06:57.6273532Z Applying migration 20260719122000_lpe_safety_core.sql...
2026-09-02T07:06:57.6466088Z Applying migration 20260719123000_lpe_seed_templates.sql...
2026-09-02T07:06:57.6679782Z Applying migration 20260719124000_lpe_content_embeddings.sql...
2026-09-02T07:06:57.6819506Z Applying migration 20260719125000_lpe_reviews.sql...
2026-09-02T07:06:57.6928007Z Applying migration 20260719126000_lpe_consent.sql...
2026-09-02T07:06:57.7033354Z Applying migration 20260719127000_lpe_outcomes_view.sql...
2026-09-02T07:06:57.7119277Z Applying migration 20260719140000_sensitive_result_gating.sql...
2026-09-02T07:06:57.7203570Z Applying migration 20260719141000_waist_circumference_vital.sql...
2026-09-02T07:06:57.7271115Z Applying migration 20260719142000_additional_adult_vaccines.sql...
2026-09-02T07:06:57.7309732Z Applying migration 20260719143000_clinical_staff_attestations.sql...
2026-09-02T07:06:57.7383336Z Applying migration 20260719144000_mental_health_screens.sql...
2026-09-02T07:06:57.8093056Z Applying migration 20260719145000_health_check_journey.sql...
2026-09-02T07:06:57.8152853Z Applying migration 20260719213449_fix_plan_entitlement_gaps.sql...
2026-09-02T07:06:57.8193883Z Applying migration 20260719214207_unrestrict_health_education_addon.sql...
2026-09-02T07:06:57.8230355Z Applying migration 20260719214625_clinical_staff_staff_number.sql...
2026-09-02T07:06:57.9943042Z Applying migration 20260720015223_bp_red_flag_engine.sql...
2026-09-02T07:06:58.0119394Z Applying migration 20260720015541_bp_missing_reading_soft_flag.sql...
2026-09-02T07:06:58.0348945Z Applying migration 20260720020150_bp_targets_and_hbpm.sql...
2026-09-02T07:06:58.0595631Z Applying migration 20260720020742_bp_drug_ladder_and_safety.sql...
2026-09-02T07:06:58.1434703Z Applying migration 20260720021422_bp_pathway_sprint_d.sql...
2026-09-02T07:06:58.1675865Z Applying migration 20260720022030_bp_pathway_attestation.sql...
2026-09-02T07:06:58.2372939Z Applying migration 20260720120000_diabetes_glucose_safety.sql...
2026-09-02T07:06:58.2824360Z Applying migration 20260720120001_fix_lpe_red_flag_alert_level.sql...
2026-09-02T07:06:58.2915742Z Applying migration 20260720120002_lipid_detection_family_read.sql...
2026-09-02T07:06:58.3101157Z Applying migration 20260720120003_obesity_assessments.sql...
2026-09-02T07:06:58.3412679Z Applying migration 20260720120004_prescription_lab_order_patient_emails.sql...
2026-09-02T07:06:58.3555711Z Applying migration 20260720120005_user_role_lab_liaison.sql...
2026-09-02T07:06:58.4596660Z Applying migration 20260720120100_lab_result_documents.sql...
2026-09-02T07:06:58.4818123Z Applying migration 20260720120500_obesity_ed_screen.sql...
2026-09-02T07:06:58.4945947Z Applying migration 20260720121000_bariatric_referrals.sql...
2026-09-02T07:06:58.5430235Z Applying migration 20260720121001_statin_lipid_monitoring.sql...
2026-09-02T07:06:58.5473472Z Applying migration 20260720121500_pathway_attestations.sql...
2026-09-02T07:06:58.6551416Z Applying migration 20260720122000_cv_risk_config.sql...
2026-09-02T07:06:58.6804284Z Applying migration 20260720130000_diabetes_structured_record.sql...
2026-09-02T07:06:58.7320783Z Applying migration 20260720140000_diabetes_complications.sql...
2026-09-02T07:06:58.7450859Z Applying migration 20260720150000_diabetes_complication_surveillance.sql...
2026-09-02T07:06:58.7663030Z Applying migration 20260720160000_diabetes_glucose_targets.sql...
2026-09-02T07:06:58.7747289Z Applying migration 20260720170000_diabetes_quality_metrics.sql...
2026-09-02T07:06:58.8981137Z Applying migration 20260720180000_diabetes_populations_governance.sql...
2026-09-02T07:06:58.9229927Z Applying migration 20260720190000_diabetes_missing_glucose_logs.sql...
2026-09-02T07:06:58.9293827Z Applying migration 20260720191207_fix_lpe_red_flag_alert_level.sql...
2026-09-02T07:06:58.9357685Z Applying migration 20260720224204_security_hardening_anon_rpc_revoke.sql...
2026-09-02T07:06:58.9779024Z Applying migration 20260721100000_diaspora_pricing_fx.sql...
2026-09-02T07:06:58.9863136Z Applying migration 20260721141233_patient_device_type_thermometer_pulse_oximeter.sql...
2026-09-02T07:06:58.9904182Z Applying migration 20260721163131_partner_integration_api_keys.sql...
2026-09-02T07:06:58.9999213Z Applying migration 20260723010019_care_outreach_engine.sql...
2026-09-02T07:06:59.1168469Z Applying migration 20260723010024_care_team_coordinator.sql...
2026-09-02T07:06:59.1228332Z Applying migration 20260723010040_async_consults.sql...
2026-09-02T07:06:59.1332061Z Applying migration 20260723010050_video_consult_general_context.sql...
2026-09-02T07:06:59.1369485Z Applying migration 20260723010106_consult_availability_slots.sql...
2026-09-02T07:06:59.1471789Z Applying migration 20260723010123_health_education_drip.sql...
2026-09-02T07:06:59.1543531Z Applying migration 20260723120000_video_visit_requests.sql...
2026-09-02T07:06:59.1732563Z Applying migration 20260723121000_marketing_resources.sql...
2026-09-02T07:06:59.1827253Z Applying migration 20260723122000_education_drip_tracks.sql...
2026-09-02T07:06:59.1976432Z Applying migration 20260723150205_prevention_self_bookable_bundles.sql...
2026-09-02T07:06:59.2061499Z Applying migration 20260723150222_prevent_plan_tier.sql...
2026-09-02T07:06:59.2100951Z Applying migration 20260723164727_who_essential_health_check_tiers.sql...
2026-09-02T07:06:59.2514687Z Applying migration 20260723193547_health_wallet_core.sql...
2026-09-02T07:06:59.2764731Z Applying migration 20260723195211_referrals_and_prevention_rewards.sql...
2026-09-02T07:06:59.2915550Z Applying migration 20260723195902_wallet_sponsor_rpc.sql...
2026-09-02T07:06:59.3136279Z Applying migration 20260723200847_child_immunisation_nphcda.sql...
2026-09-02T07:06:59.3206713Z Applying migration 20260723201654_voice_reminders_and_language.sql...
2026-09-02T07:06:59.3505640Z Applying migration 20260723202055_patient_testimonials.sql...
2026-09-02T07:06:59.3588163Z Applying migration 20260723225107_marketing_resources_reviewed_by.sql...
2026-09-02T07:06:59.3633443Z Applying migration 20260723225124_health_education_unlock_nudge.sql...
2026-09-02T07:06:59.3778065Z Applying migration 20260724000000_health_education_unlock_in_app_only.sql...
2026-09-02T07:06:59.3864734Z Applying migration 20260724000542_booking_requests_profile_access_manage.sql...
2026-09-02T07:06:59.4638769Z Applying migration 20260724001210_reproductive_health_profile.sql...
2026-09-02T07:06:59.4742014Z Applying migration 20260724001850_wearable_connection_tokens.sql...
2026-09-02T07:06:59.4787934Z Applying migration 20260724013408_fix_wallet_pay_referral_fee_column.sql...
2026-09-02T07:06:59.4869853Z Applying migration 20260724020715_self_bookable_blood_group_genotype_hep_c.sql...
2026-09-02T07:06:59.4916890Z Applying migration 20260724020744_lab_order_facility_activation.sql...
2026-09-02T07:06:59.5012134Z Applying migration 20260724020810_referral_facility_activation.sql...
2026-09-02T07:06:59.5111315Z Applying migration 20260724020855_revoke_anon_facility_activation_rpcs.sql...
2026-09-02T07:06:59.5145400Z Applying migration 20260724022928_tetanus_booster_anchors_off_childhood_penta.sql...
2026-09-02T07:06:59.5180438Z Applying migration 20260724024110_who_tetanus_childhood_booster_series.sql...
2026-09-02T07:06:59.5217207Z Applying migration 20260724025012_shingles_two_dose_series.sql...
2026-09-02T07:06:59.5252507Z Applying migration 20260724094137_subscription_cancel_at_period_end.sql...
2026-09-02T07:06:59.5795457Z Applying migration 20260724113718_fix_referral_reward_amount.sql...
2026-09-02T07:06:59.6622015Z Applying migration 20260724143319_referral_reward_referrer_only.sql...
2026-09-02T07:06:59.6674238Z Applying migration 20260724143947_restore_referral_reward_both_sides.sql...
2026-09-02T07:06:59.6721555Z Applying migration 20260724163357_revoke_anon_execute_sensitive_rpcs.sql...
2026-09-02T07:06:59.6759924Z Applying migration 20260725225435_finance_role_enum.sql...
2026-09-02T07:06:59.6796238Z Applying migration 20260725225456_finance_permissions_and_gate.sql...
2026-09-02T07:06:59.6837369Z Applying migration 20260725225616_finance_general_ledger_core.sql...
2026-09-02T07:06:59.7007821Z Applying migration 20260725225800_finance_coa_seed_and_posting_rpcs.sql...
2026-09-02T07:06:59.7133722Z Applying migration 20260725230030_finance_revenue_recognition.sql...
2026-09-02T07:06:59.7275136Z Applying migration 20260725230203_finance_reconciliation.sql...
2026-09-02T07:06:59.7396792Z Applying migration 20260725230224_finance_reconciliation_fix_zero_lines.sql...
2026-09-02T07:06:59.8132374Z Applying migration 20260725230414_finance_tax_configuration.sql...
2026-09-02T07:06:59.8871249Z Applying migration 20260725230631_finance_automated_posting.sql...
2026-09-02T07:06:59.9109994Z Applying migration 20260725230915_finance_reporting_rpcs_and_grants.sql...
2026-09-02T07:06:59.9351754Z Applying migration 20260726120000_finance_audit_trail_and_approvals.sql...
2026-09-02T07:06:59.9603517Z Applying migration 20260726120100_finance_cost_centers.sql...
2026-09-02T07:06:59.9734758Z Applying migration 20260726120200_finance_budgets.sql...
2026-09-02T07:06:59.9849034Z Applying migration 20260726120300_finance_cash_flow_statement.sql...
2026-09-02T07:06:59.9948892Z Applying migration 20260726120400_finance_accounts_payable.sql...
2026-09-02T07:07:00.0165527Z Applying migration 20260726120500_finance_hmo_capitation.sql...
2026-09-02T07:07:00.0795086Z Applying migration 20260726120600_finance_statutory_compliance.sql...
2026-09-02T07:07:00.0945250Z Applying migration 20260726120700_finance_kpis_audit_log_and_grants.sql...
2026-09-02T07:07:00.1148184Z Applying migration 20260726120800_finance_ledger_entries_include_cost_center.sql...
2026-09-02T07:07:00.1201863Z Applying migration 20260726130000_finance_connect_automated_postings_to_cost_centers.sql...
2026-09-02T07:07:00.1443119Z Applying migration 20260729025118_legal_consent_v2.sql...
2026-09-02T07:07:00.2394812Z Applying migration 20260729121106_revoke_anon_execute_on_security_definer_rpcs.sql...
2026-09-02T07:07:00.2456362Z Applying migration 20260729122912_remove_hmo_capitation_i8.sql...
2026-09-02T07:07:00.2948958Z Applying migration 20260729124330_institutions_aggregate_only_i9.sql...
2026-09-02T07:07:00.3119793Z Applying migration 20260729130000_restore_subscription_price_book.sql...
2026-09-02T07:07:00.3286134Z Applying migration 20260729131500_free_plan_needs_no_provider.sql...
2026-09-02T07:07:00.3338037Z Applying migration 20260729140916_one_price_list_derived_fx.sql...
2026-09-02T07:07:00.3470310Z Applying migration 20260729141426_public_price_list_rpc.sql...
2026-09-02T07:07:00.3521510Z Applying migration 20260729143514_individual_enrolment_only.sql...
2026-09-02T07:07:00.3898986Z Applying migration 20260729143814_retire_gbp_and_diaspora_premium.sql...
2026-09-02T07:07:00.4055207Z Applying migration 20260729194127_scoped_access_roles_out_of_org_staff.sql...
2026-09-02T07:07:00.4799229Z Applying migration 20260729234443_lab_partner_role_enum.sql...
2026-09-02T07:07:00.5113538Z Applying migration 20260729234509_lab_partner_surface.sql...
2026-09-02T07:07:00.5236549Z Applying migration 20260729234518_revoke_anon_lab_partner_rpcs.sql...
2026-09-02T07:07:00.5337889Z Applying migration 20260729234532_revoke_public_execute_lab_partner_rpcs.sql...
2026-09-02T07:07:00.5385910Z Applying migration 20260729234618_harden_is_org_staff_exclude_lab_partner.sql...
2026-09-02T07:07:00.6091332Z Applying migration 20260729235803_rls_auto_enable_event_trigger.sql...
2026-09-02T07:07:00.6153635Z Applying migration 20260730000555_vaccination_schedule_signoffs.sql...
2026-09-02T07:07:00.6254744Z Applying migration 20260730001541_vaccination_schedule_signoffs_catalog_snapshot.sql...
2026-09-02T07:07:00.6295689Z Applying migration 20260730002027_patient_weight_goals.sql...
2026-09-02T07:07:00.6386017Z Applying migration 20260730002046_activity_step_tracking.sql...
2026-09-02T07:07:00.6520765Z Applying migration 20260730002541_patient_lifestyle_goals.sql...
2026-09-02T07:07:00.6695038Z Applying migration 20260730005846_marketing_resources_diabetes_articles.sql...
2026-09-02T07:07:00.6747582Z Applying migration 20260730013000_marketing_resources_bp_weight_screening_cholesterol_articles.sql...
2026-09-02T07:07:00.6800210Z Applying migration 20260730023512_marketing_resources_nigeria_rda_article.sql...
2026-09-02T07:07:00.6841901Z Applying migration 20260730024205_marketing_resources_reconcile_em_dashes_and_healthhub_gap_articles.sql...
2026-09-02T07:07:00.6927422Z Applying migration 20260730024554_marketing_resources_backfill_missing_weight_articles.sql...
2026-09-02T07:07:00.6972151Z Applying migration 20260730025552_wellness_points_and_badges.sql...
2026-09-02T07:07:00.7009794Z Applying migration 20260730025553_care_access_requests.sql...
2026-09-02T07:07:00.7151431Z Applying migration 20260730025603_profiles_is_dependent_account.sql...
2026-09-02T07:07:00.7203203Z Applying migration 20260730025610_wellness_points_and_badges_tables.sql...
2026-09-02T07:07:00.7374882Z Applying migration 20260730025629_wellness_points_and_badges_functions.sql...
2026-09-02T07:07:00.7475999Z Applying migration 20260730025654_wellness_points_and_badges_rpc_rls_seed.sql...
2026-09-02T07:07:00.7560305Z Applying migration 20260730025714_wellness_points_earning_triggers.sql...
2026-09-02T07:07:00.7633641Z Applying migration 20260730025744_wellness_challenges.sql...
2026-09-02T07:07:00.7771843Z Applying migration 20260730025803_wellness_classes.sql...
2026-09-02T07:07:00.8773601Z Applying migration 20260730030056_marketing_resources_adult_vaccine_guide.sql...
2026-09-02T07:07:00.8835709Z Applying migration 20260730032315_profiles_select_pending_care_access.sql...
2026-09-02T07:07:00.8878416Z Applying migration 20260730092804_i5_emergency_escalation_synchronous_contact.sql...
2026-09-02T07:07:00.8933468Z Applying migration 20260730094515_i1_notifications_content_class.sql...
2026-09-02T07:07:00.8989285Z Applying migration 20260730095649_clinician_alert_override.sql...
2026-09-02T07:07:00.9056559Z Applying migration 20260730105131_v3_port_escalation_sla_config.sql...
2026-09-02T07:07:00.9516983Z Applying migration 20260730114022_patient_timeline_dispense_event_type.sql...
2026-09-02T07:07:00.9558952Z Applying migration 20260730114201_patient_timeline_gap_closure.sql...
2026-09-02T07:07:00.9640158Z Applying migration 20260730115924_health_education_12_week_priority_curricula.sql...
2026-09-02T07:07:01.0610800Z Applying migration 20260730120000_provenance_fk_hardening.sql...
2026-09-02T07:07:01.3007864Z Applying migration 20260730120518_health_reset_90_day.sql...
2026-09-02T07:07:01.3240491Z Applying migration 20260730121004_case_briefs_ai_drafted_summaries.sql...
2026-09-02T07:07:01.3337000Z Applying migration 20260730122500_case_briefs_grant_authenticated_select.sql...
2026-09-02T07:07:01.3391590Z Applying migration 20260730122844_health_reset_trial_ngn_usd_only.sql...
2026-09-02T07:07:01.3462224Z Applying migration 20260730123735_case_briefs_key_by_clinician_alert.sql...
2026-09-02T07:07:01.3572024Z Applying migration 20260730153034_masked_calling_twilio_proxy.sql...
2026-09-02T07:07:01.3755448Z Applying migration 20260730153158_notification_priority_enum.sql...
2026-09-02T07:07:01.3795234Z Applying migration 20260730153159_public_impact_metrics.sql...
2026-09-02T07:07:01.3898083Z Applying migration 20260730153205_notification_delivery_state_columns.sql...
2026-09-02T07:07:01.4554938Z Applying migration 20260730153214_push_subscriptions.sql...
2026-09-02T07:07:01.4642745Z Applying migration 20260730153221_device_heartbeat.sql...
2026-09-02T07:07:01.4695429Z Applying migration 20260730153227_notification_escalation_failures.sql...
2026-09-02T07:07:01.4756876Z Applying migration 20260730153300_critical_notification_engine.sql...
2026-09-02T07:07:01.5348219Z Applying migration 20260730153333_push_first_channel_remap.sql...
2026-09-02T07:07:01.6050570Z Applying migration 20260730155706_broadcast_content_class_enforcement.sql...
2026-09-02T07:07:01.6158074Z Applying migration 20260730155801_push_notification_tables_base_grants.sql...
2026-09-02T07:07:01.6202194Z Applying migration 20260730212458_care_messages_in_app_notification_and_coordinator_copy.sql...
2026-09-02T07:07:01.6279069Z Applying migration 20260730213947_essential_plan_description_in_app_messaging.sql...
2026-09-02T07:07:01.6317345Z Applying migration 20260730215206_facilities_lab_partner_self_service.sql...
2026-09-02T07:07:01.6376715Z Applying migration 20260730215234_lab_turnaround_sla_stats.sql...
2026-09-02T07:07:01.6467065Z Applying migration 20260730215245_admin_link_lab_partner.sql...
2026-09-02T07:07:01.6517419Z Applying migration 20260730220434_i14_vitals_reading_source_lock.sql...
2026-09-02T07:07:01.6562781Z Applying migration 20260730221109_rbac_commission_rate_tables.sql...
2026-09-02T07:07:01.6660101Z Applying migration 20260730221139_terms_of_service_commission_disclosure.sql...
2026-09-02T07:07:01.6796232Z Applying migration 20260730222039_restore_clinical_catalogue.sql...
2026-09-02T07:07:01.6897481Z Applying migration 20260730223500_condition_language_preference.sql...
2026-09-02T07:07:01.6950192Z Applying migration 20260730224249_medication_reminders_guaranteed_in_app.sql...
2026-09-02T07:07:01.7069875Z Applying migration 20260731010906_wellness_points_conversion_rate_sane_default.sql...
2026-09-02T07:07:01.7109253Z Applying migration 20260731011319_partner_regulatory_license_tracking.sql...
2026-09-02T07:07:01.7301574Z Applying migration 20260731013535_video_visit_alternate_proposed_status_enum.sql...
2026-09-02T07:07:01.7339815Z Applying migration 20260731013604_video_visit_doctor_proposes_alternate_time.sql...
2026-09-02T07:07:01.7423674Z Applying migration 20260731013851_wallet_kyc_tiers_and_aml_flags.sql...
2026-09-02T07:07:01.7596362Z Applying migration 20260731014056_chronic_care_free_lifestyle_and_education.sql...
2026-09-02T07:07:01.7641971Z Applying migration 20260731014200_public_service_coverage.sql...
2026-09-02T07:07:01.7686029Z Applying migration 20260731014330_wearable_provider_cgm_dexcom_libre.sql...
2026-09-02T07:07:01.7815057Z Applying migration 20260731015001_sponsor_spend_receipts.sql...
2026-09-02T07:07:01.7877362Z Applying migration 20260731015212_vitals_reminder_suggested_type_hint.sql...
2026-09-02T07:07:01.7966548Z Applying migration 20260731015335_public_response_commitments.sql...
2026-09-02T07:07:01.8016358Z Applying migration 20260731015650_data_breach_incidents.sql...
2026-09-02T07:07:01.8138248Z Applying migration 20260731020312_video_visit_acceptance_stats_rpc.sql...
2026-09-02T07:07:01.8226809Z Applying migration 20260731022433_complete_care_unbundle_annual_review.sql...
2026-09-02T07:07:01.8275259Z Applying migration 20260731023001_complete_care_rebundle_annual_review.sql...
2026-09-02T07:07:01.8316160Z Applying migration 20260731023014_withdraw_dedicated_care_coordinator_addon.sql...
2026-09-02T07:07:01.8361832Z Applying migration 20260731023128_sponsor_pay_booking_order.sql...
2026-09-02T07:07:01.8448076Z Applying migration 20260731023501_sponsor_acting_rpcs.sql...
2026-09-02T07:07:01.8534679Z Applying migration 20260731023543_sponsor_monthly_report.sql...
2026-09-02T07:07:01.8605152Z Applying migration 20260731023625_fix_sponsor_report_vitals_column.sql...
2026-09-02T07:07:01.8692492Z Applying migration 20260731030000_legal_consent_v3_corrected_product_description.sql...
2026-09-02T07:07:01.9518951Z Applying migration 20260731112407_sponsor_payable_orders.sql...
2026-09-02T07:07:01.9644607Z Applying migration 20260731181143_sponsor_clinical_access_consent.sql...
2026-09-02T07:07:01.9835650Z Applying migration 20260731181157_care_message_author_sponsor_enum.sql...
2026-09-02T07:07:01.9872922Z Applying migration 20260731181318_care_messages_three_way.sql...
2026-09-02T07:07:01.9999642Z Applying migration 20260731181822_profiles_select_my_grantees.sql...
2026-09-02T07:07:02.0049350Z Applying migration 20260731182348_care_message_notification_recipient_kind.sql...
2026-09-02T07:07:02.0103270Z Applying migration 20260731185243_sponsor_clinical_access_results_and_escalations.sql...
2026-09-02T07:07:02.0290173Z Applying migration 20260731214826_care_vouchers_enums_and_order_discount.sql...
2026-09-02T07:07:02.0460181Z Applying migration 20260731215012_care_vouchers_core_tables.sql...
2026-09-02T07:07:02.0985734Z Applying migration 20260731215226_care_vouchers_purchase_and_layaway.sql...
2026-09-02T07:07:02.1478265Z Applying migration 20260731215326_care_vouchers_redemption.sql...
2026-09-02T07:07:02.1803394Z Applying migration 20260731215424_care_vouchers_lifecycle_and_rewards.sql...
2026-09-02T07:07:02.1906266Z Applying migration 20260731215522_rewards_issue_vouchers_not_wallet_credit.sql...
2026-09-02T07:07:02.1981269Z Applying migration 20260731215735_retire_health_wallet.sql...
2026-09-02T07:07:02.2277638Z Applying migration 20260731215910_finance_care_voucher_accounting.sql...
2026-09-02T07:07:02.2441214Z Applying migration 20260731220052_terms_of_service_care_vouchers.sql...
2026-09-02T07:07:02.2591522Z Applying migration 20260731232749_fix_missing_authenticated_table_grants.sql...
2026-09-02T07:07:02.2923931Z Applying migration 20260801001234_refill_confirm_any_clinical_tier.sql...
2026-09-02T07:07:02.2978494Z Applying migration 20260801001838_attribute_refill_confirmation_for_any_clinical_tier.sql...
2026-09-02T07:07:02.3075798Z Applying migration 20260801091000_sponsor_care_status_and_funding.sql...
2026-09-02T07:07:02.3203256Z Applying migration 20260801092000_sponsor_notifications_and_sponsored_plans.sql...
2026-09-02T07:07:02.3314463Z Applying migration 20260801093000_supporter_accounts.sql...
2026-09-02T07:07:02.3402810Z Applying migration 20260801100000_supporter_and_patient_are_independent.sql...
2026-09-02T07:07:02.3496935Z Applying migration 20260801110000_acting_for_someone_you_support.sql...
2026-09-02T07:07:02.3601023Z Applying migration 20260801120000_supporter_can_report_and_assess.sql...
2026-09-02T07:07:02.3794131Z Applying migration 20260801121000_supporter_can_read_back_what_they_wrote.sql...
2026-09-02T07:07:02.3901415Z Applying migration 20260802205209_patient_result_explanations.sql...
2026-09-02T07:07:02.4022071Z Applying migration 20260802205326_protocol_partner_organisation_type.sql...
2026-09-02T07:07:02.4842456Z Applying migration 20260802205424_protocol_api_usage_log.sql...
2026-09-02T07:07:02.4971322Z Applying migration 20260802212103_screening_ladder_core_advanced_comprehensive.sql...
2026-09-02T07:07:02.5042463Z Applying migration 20260802212152_screening_cadence_and_psa_sdm_gate.sql...
2026-09-02T07:07:02.5142543Z Applying migration 20260802212314_serology_state_machine.sql...
2026-09-02T07:07:02.5323444Z Applying migration 20260802212440_screening_pathway_suppression.sql...
2026-09-02T07:07:02.5431379Z Applying migration 20260802212529_retire_annual_review_fold_into_screen_ladder.sql...
2026-09-02T07:07:02.5493091Z Applying migration 20260802212550_health_education_free_all_paid_plans.sql...
2026-09-02T07:07:02.5532513Z Applying migration 20260802212652_screening_subscriber_discount_and_video_price_fix.sql...
2026-09-02T07:07:02.5586781Z Applying migration 20260802212852_fix_screening_subscriber_discount_column.sql...
2026-09-02T07:07:02.6277435Z Applying migration 20260802213113_relax_video_consult_annual_review_link.sql...
2026-09-02T07:07:02.6342055Z Applying migration 20260802213144_diaspora_usd_processing_fee.sql...
2026-09-02T07:07:02.7570999Z Applying migration 20260802214403_deactivate_stale_locked_complete_usd.sql...
2026-09-02T07:07:02.7621635Z Applying migration 20260802224308_retire_health_check_basic_quick_check.sql...
2026-09-02T07:07:02.7658949Z Applying migration 20260802224321_annual_health_checks_link_screen_order.sql...
2026-09-02T07:07:02.7743854Z Applying migration 20260802224400_screening_results_follow_up_action_and_auto_resulted.sql...
2026-09-02T07:07:02.7826081Z Applying migration 20260802224614_screen_order_completeness_sex_age_gate.sql...
2026-09-02T07:07:02.7885365Z Applying migration 20260802232317_screening_schedule_refresh_on_result.sql...
2026-09-02T07:07:02.7966847Z Applying migration 20260803005139_merge_doctor_into_clinician.sql...
2026-09-02T07:07:02.8338324Z Applying migration 20260803005216_emergency_escalation_tier_gate.sql...
2026-09-02T07:07:02.8413251Z Applying migration 20260803124742_lab_order_fulfilment_enum.sql...
2026-09-02T07:07:02.9667514Z Applying migration 20260803124833_self_arranged_lab_fulfilment.sql...
2026-09-02T07:07:02.9863419Z Applying migration 20260803125550_outreach_trigger_awaiting_result.sql...
2026-09-02T07:07:02.9906528Z Applying migration 20260803125639_awaiting_result_care_gap.sql...
2026-09-02T07:07:03.0381103Z Applying migration 20260803130645_lab_result_extractions.sql...
2026-09-02T07:07:03.0511612Z Applying migration 20260803132008_medication_collected_anywhere.sql...
2026-09-02T07:07:03.0621589Z Applying migration 20260803134416_self_arranged_consistency_sweep.sql...
2026-09-02T07:07:03.0749506Z Applying migration 20260803141409_subscription_care_vouchers.sql...
2026-09-02T07:07:03.0878361Z Applying migration 20260803141522_care_voucher_constraints_allow_subscription_sku.sql...
2026-09-02T07:07:03.1159133Z Applying migration 20260803142941_self_arranged_specialist_referrals.sql...
2026-09-02T07:07:03.1251786Z Applying migration 20260803144056_lab_report_extractions.sql...
2026-09-02T07:07:03.2077527Z Applying migration 20260803145055_patient_blood_profile.sql...
2026-09-02T07:07:03.2206841Z Applying migration 20260803145146_emergency_cards.sql...
2026-09-02T07:07:03.2362032Z Applying migration 20260803151426_blood_profile_provenance.sql...
2026-09-02T07:07:03.2816563Z Applying migration 20260803151829_emergency_card_blood_provenance.sql...
2026-09-02T07:07:03.2891540Z Applying migration 20260803160537_facilities_suspended_pending_accreditation.sql...
2026-09-02T07:07:03.2941276Z Applying migration 20260803160544_english_only_no_voice_channel.sql...
2026-09-02T07:07:03.2994267Z Applying migration 20260803163135_suspend_all_facilities_and_vaccination_booking.sql...
2026-09-02T07:07:03.3032457Z Applying migration 20260803165959_emergency_card_hardening.sql...
2026-09-02T07:07:03.3131727Z Applying migration 20260804231954_retire_expedited_response_and_health_education_addons.sql...
2026-09-02T07:07:03.3200823Z Applying migration 20260804232022_gate_result_document_review_to_paid_plans.sql...
2026-09-02T07:07:03.3320851Z Applying migration 20260805184628_fix_claim_employer_roster_member_i9_auth.sql...
2026-09-02T07:07:03.3408555Z Applying migration 20260805201508_raise_ngn_tier_prices_and_fold_prevention_into_chronic_plans.sql...
2026-09-02T07:07:03.3463322Z Applying migration 20260805201640_add_sponsor_statement_addon_scaffold.sql...
2026-09-02T07:07:03.3503046Z Applying migration 20260805225206_retire_sponsor_statement_addon_ship_free_instead.sql...
2026-09-02T07:07:03.3546188Z Applying migration 20260805234029_admin_create_institution_org.sql...
2026-09-02T07:07:03.3713419Z Applying migration 20260805235029_leads_inbox.sql...
2026-09-02T07:07:03.3784856Z Applying migration 20260806004031_consolidate_patient_blood_profile_rls.sql...
2026-09-02T07:07:03.3851720Z Applying migration 20260806115636_profiles_staff_number.sql...
2026-09-02T07:07:03.3918892Z Applying migration 20260807010452_care_access_events.sql...
2026-09-02T07:07:03.4077703Z Applying migration 20260807010837_care_graph_unification.sql...
2026-09-02T07:07:03.4414487Z Applying migration 20260807012000_care_receipt.sql...
2026-09-02T07:07:03.4757854Z Applying migration 20260807013100_fix_care_receipt_reading_days.sql...
2026-09-02T07:07:03.5147494Z Applying migration 20260807014200_care_access_log_hardening.sql...
2026-09-02T07:07:03.5228615Z Applying migration 20260807020405_fhir_import_provenance_enums.sql...
2026-09-02T07:07:03.5277792Z Applying migration 20260807084925_fhir_interop_import_review.sql...
2026-09-02T07:07:03.6474012Z Applying migration 20260807085049_fhir_import_fk_indexes.sql...
2026-09-02T07:07:03.6559128Z Applying migration 20260807090139_spo2_red_flag_engine.sql...
2026-09-02T07:07:03.6751943Z Applying migration 20260807090237_temperature_red_flag_engine.sql...
2026-09-02T07:07:03.7243214Z Applying migration 20260807090308_glucose_emergency_db_backstop.sql...
2026-09-02T07:07:03.7369128Z Applying migration 20260807090456_vitals_red_flag_notification_wiring.sql...
2026-09-02T07:07:03.7793170Z Applying migration 20260807104733_health_passport_signed_credential.sql...
2026-09-02T07:07:03.8317733Z Applying migration 20260807112503_clinician_phone_admin_only_visibility.sql...
2026-09-02T07:07:03.8409989Z Applying migration 20260807121855_screening_due_reminders.sql...
2026-09-02T07:07:03.8461280Z Applying migration 20260807122212_clinical_cockpit_case_review_actions.sql...
2026-09-02T07:07:03.8699758Z Applying migration 20260807151847_nigerian_lab_ingestion_engine.sql...
2026-09-02T07:07:03.9469267Z Applying migration 20260807163417_passport_registration_verification.sql...
2026-09-02T07:07:03.9654258Z Applying migration 20260808030359_wearable_pull_ingestion.sql...
2026-09-02T07:07:03.9822541Z Applying migration 20260809181908_care_outreach_contacts.sql...
2026-09-02T07:07:03.9963447Z Applying migration 20260809182227_pharmacist_portal_extension.sql...
2026-09-02T07:07:04.0068621Z Applying migration 20260809195100_push_subscriptions_native_platforms.sql...
2026-09-02T07:07:04.0137776Z Applying migration 20260809205459_wellness_challenge_ending_nudge.sql...
2026-09-02T07:07:04.0193164Z Applying migration 20260809232922_medication_logs_acting_for.sql...
2026-09-02T07:07:04.0843318Z Applying migration 20260810003553_symptom_types_from_documented_red_flags.sql...
2026-09-02T07:07:04.1631437Z Applying migration 20260810013703_health_education_categories_and_library.sql...
2026-09-02T07:07:04.1758319Z Applying migration 20260810014240_health_education_heart_kidney_respiratory.sql...
2026-09-02T07:07:04.1881504Z Applying migration 20260810014719_health_education_screening_womens_mens_health.sql...
2026-09-02T07:07:04.2140047Z Applying migration 20260810015050_health_education_mental_health_nutrition.sql...
2026-09-02T07:07:04.2219579Z Applying migration 20260810015401_health_education_medicines_family_child.sql...
2026-09-02T07:07:04.2314935Z Applying migration 20260810015629_health_education_track_expansions.sql...
2026-09-02T07:07:04.2497747Z Applying migration 20260810021017_health_education_em_dash_cleanup.sql...
2026-09-02T07:07:04.3544508Z Applying migration 20260810021557_health_education_legacy_em_dash_cleanup.sql...
2026-09-02T07:07:04.3767255Z Applying migration 20260810022117_lab_result_document_patient_interpretation.sql...
2026-09-02T07:07:04.3918231Z Applying migration 20260810022401_gate_vitals_red_flag_escalation_to_paid_plans.sql...
2026-09-02T07:07:04.4535465Z Applying migration 20260810023507_gate_second_condition_review_to_complete_care.sql...
2026-09-02T07:07:04.5518469Z Applying migration 20260810025721_bundle_ai_coach_with_lifestyle_coaching.sql...
2026-09-02T07:07:04.5581167Z Applying migration 20260810030449_fix_hypertension_panel_test_codes_regression.sql...
2026-09-02T07:07:04.8131067Z Applying migration 20260810031119_health_education_weight_exercise_content.sql...
2026-09-02T07:07:04.8200984Z Applying migration 20260810031306_htn_red_flag_attestation_gate_at_acknowledgement.sql...
2026-09-02T07:07:04.8266294Z Applying migration 20260810032440_lpe_content_library_starter.sql...
2026-09-02T07:07:04.8764924Z Applying migration 20260810032736_diabetes_type_profile.sql...
2026-09-02T07:07:04.8885466Z Applying migration 20260810032817_diabetes_complication_reminders_and_kidney_trigger.sql...
2026-09-02T07:07:04.9045632Z Applying migration 20260810032858_diabetes_quality_metrics_g19_extend.sql...
2026-09-02T07:07:04.9421171Z Applying migration 20260810033834_fix_vitals_red_flag_sla_config_drift.sql...
2026-09-02T07:07:05.0353711Z Applying migration 20260810033858_preventive_programmes_protocol_governance.sql...
2026-09-02T07:07:05.0455907Z Applying migration 20260810033907_add_hearing_dental_screen_types.sql...
2026-09-02T07:07:05.0991053Z Applying migration 20260810033914_fold_prevention_coordination_into_usd_chronic_plans.sql...
2026-09-02T07:07:05.1120005Z Applying migration 20260810034049_lpe_content_library_expansion.sql...
2026-09-02T07:07:05.2078539Z Applying migration 20260810034122_gate_lpe_content_blocks_read_on_review_status.sql...
2026-09-02T07:07:05.2219750Z Applying migration 20260810034407_match_lpe_content_blocks_rpc.sql...
2026-09-02T07:07:05.2309941Z Applying migration 20260810035637_nutrition_log_confirmed_sodium.sql...
2026-09-02T07:07:05.2345382Z Applying migration 20260811223330_activate_breast_imaging_deactivate_clinical_breast_exam.sql...
2026-09-02T07:07:05.2903945Z Applying migration 20260811223745_screening_self_reported_completion.sql...
2026-09-02T07:07:05.3192244Z Applying migration 20260811224746_fix_finance_balance_check_missing_security_definer.sql...
2026-09-02T07:07:05.3264645Z Applying migration 20260811225324_fix_annual_health_check_self_arranged_order_link.sql...
2026-09-02T07:07:05.3458012Z Applying migration 20260811233602_activate_abdominal_and_prostate_ultrasound.sql...
2026-09-02T07:07:05.3556485Z Applying migration 20260811234523_wearable_provider_android_health_connect.sql...
2026-09-02T07:07:05.3984290Z Applying migration 20260811235133_guarantee_in_app_notification_companions.sql...
2026-09-02T07:07:05.4518334Z Applying migration 20260812002029_rls_orphaned_clinical_config_tables.sql...
2026-09-02T07:07:05.4589194Z Applying migration 20260812002832_telehealth_consent_in_app_messaging_not_whatsapp.sql...
2026-09-02T07:07:05.4653691Z Applying migration 20260812002833_terms_of_service_remove_device_sales_clause.sql...
2026-09-02T07:07:05.5281983Z Applying migration 20260812002834_data_processing_consent_care_vouchers_not_wallet.sql...
2026-09-02T07:07:05.6523510Z Applying migration 20260812003039_mobile_hot_path_fk_indexes.sql...
2026-09-02T07:07:05.6631881Z Applying migration 20260812003230_rename_wallet_liability_to_care_voucher_liability.sql...
2026-09-02T07:07:05.6759365Z Applying migration 20260812003544_fix_wearable_connections_missing_authenticated_grants.sql...
2026-09-02T07:07:05.6808348Z Applying migration 20260812003611_reconcile_health_check_due_reminder_migration.sql...
2026-09-02T07:07:05.6877296Z Applying migration 20260812003707_escalation_and_consult_clinical_tier_gate.sql...
2026-09-02T07:07:05.6945901Z Applying migration 20260812003758_revoke_private_schema_execute_from_public.sql...
2026-09-02T07:07:05.7320167Z Applying migration 20260812003903_bp_red_flag_vital_type_scope_and_sla_reconcile.sql...
2026-09-02T07:07:05.7818736Z Applying migration 20260812004025_legal_consent_em_dash_cleanup.sql...
2026-09-02T07:07:05.8057416Z Applying migration 20260812023543_review_completion_clinical_tier_gate.sql...
2026-09-02T07:07:05.8118892Z Applying migration 20260812023750_payment_reconciliation_flags.sql...
2026-09-02T07:07:05.8268250Z Applying migration 20260812023800_vaccination_verification_clinical_tier_gate.sql...
2026-09-02T07:07:05.8327404Z Applying migration 20260812030853_row_change_audit_triggers.sql...
2026-09-02T07:07:05.8464175Z Applying migration 20260812034312_pgaudit_patient_read_logging.sql...
2026-09-02T07:07:05.8598655Z Applying migration 20260812034612_clinician_patient_record_view_audit.sql...
2026-09-02T07:07:05.8658196Z Applying migration 20260812034845_protocol_versions_self_attribution.sql...
2026-09-02T07:07:05.8723812Z Applying migration 20260812041044_service_role_write_actor_attribution.sql...
2026-09-02T07:07:05.8815563Z Applying migration 20260812041237_finance_company_profile_and_extended_compliance.sql...
2026-09-02T07:07:05.9028329Z Applying migration 20260812041815_finance_compliance_calendar_for_year.sql...
2026-09-02T07:07:05.9168992Z Applying migration 20260812042308_finance_company_profile_upsert_default_null_params.sql...
2026-09-02T07:07:05.9312947Z Applying migration 20260812115553_activity_log_entries_source_and_wearable_steps.sql...
2026-09-02T07:07:05.9419469Z Applying migration 20260813163440_fix_chronic_protocol_signoff_attribution_and_harden_trigger.sql...
2026-09-02T07:07:05.9498520Z Applying migration 20260815092745_ecg_report_documents.sql...
2026-09-02T07:07:05.9769027Z Applying migration 20260815092948_ecg_report_extractions.sql...
2026-09-02T07:07:05.9971001Z Applying migration 20260815093012_confirm_ecg_report_extraction.sql...
2026-09-02T07:07:06.0079988Z Applying migration 20260817171726_clinical_staff_photos_bucket.sql...
2026-09-02T07:07:06.0144435Z Applying migration 20260819151441_add_dormant_fasting_insulin_ferritin_b12_screen_types.sql...
2026-09-02T07:07:06.0190308Z Applying migration 20260819151852_fix_cervical_smear_missing_from_screen_bundles.sql...
2026-09-02T07:07:06.0231220Z Applying migration 20260819153131_activate_ferritin_and_active_b12.sql...
2026-09-02T07:07:06.0311785Z Applying migration 20260819233154_rename_active_b12_to_vitamin_b12.sql...
2026-09-02T07:07:06.0369146Z Applying migration 20260820055408_lab_order_partner_visit_scheduling.sql...
2026-09-02T07:07:06.0480252Z Applying migration 20260820060031_lpe_enrollment_patient_profile.sql...
2026-09-02T07:07:06.0538100Z Applying migration 20260820183248_analytics_engagement_real_activity_not_pageviews.sql...
2026-09-02T07:07:06.0931573Z Applying migration 20260820185732_analytics_traffic_top_pages.sql...
2026-09-02T07:07:06.1022959Z Applying migration 20260821190935_computed_review_price_per_patient.sql...
2026-09-02T07:07:06.1332293Z Applying migration 20260821191107_diabetes_blood_sugar_recheck_cadence.sql...
2026-09-02T07:07:06.1642553Z Applying migration 20260821191128_screen_price_source_contracted.sql...
2026-09-02T07:07:06.1838316Z Applying migration 20260821191743_synlab_contract_prices_and_tier_restructure.sql...
2026-09-02T07:07:06.2104548Z Applying migration 20260821191942_partner_billing_collect_and_liability.sql...
2026-09-02T07:07:06.2506337Z Applying migration 20260821192035_partner_billing_transmit.sql...
2026-09-02T07:07:06.2644743Z Applying migration 20260821192256_partner_billing_reconcile_settle_refund.sql...
2026-09-02T07:07:06.3959846Z Applying migration 20260821192305_emergency_source_exposure_report.sql...
2026-09-02T07:07:06.4016912Z Applying migration 20260821192511_exposure_reopens_once_ever_serology.sql...
2026-09-02T07:07:06.4578575Z Applying migration 20260821192827_partner_revenue_treatment_principal_or_agent.sql...
2026-09-02T07:07:06.5050272Z Applying migration 20260821193144_switch_on_synlab.sql...
2026-09-02T07:07:06.5164885Z Applying migration 20260825174142_remove_screening_subscriber_discount.sql...
2026-09-02T07:07:06.5215369Z Applying migration 20260825175123_remove_ogtt_from_hypertension_panel.sql...
2026-09-02T07:07:06.5259143Z Applying migration 20260825175955_device_catalog.sql...
2026-09-02T07:07:06.5347954Z Applying migration 20260825181530_home_visit_and_logistics_partners_location.sql...
2026-09-02T07:07:06.5408491Z Applying migration 20260825181546_public_partner_locations.sql...
2026-09-02T07:07:06.6059846Z Applying migration 20260825182923_lab_providers_location.sql...
2026-09-02T07:07:06.6128197Z Applying migration 20260825182933_public_partner_locations_add_lab.sql...
2026-09-02T07:07:06.6179483Z Applying migration 20260825201412_lab_provider_locations.sql...
2026-09-02T07:07:06.6264095Z Applying migration 20260825201426_public_partner_locations_lab_branches.sql...
2026-09-02T07:07:06.6317105Z Applying migration 20260825201437_synlab_regions_nationwide.sql...
2026-09-02T07:07:06.6356057Z Applying migration 20260825201509_seed_synlab_nationwide_locations.sql...
2026-09-02T07:07:06.6410183Z Applying migration 20260826174702_device_catalog_remove_affiliate_links.sql...
2026-09-02T07:07:06.6487455Z Applying migration 20260826214216_patient_avatar.sql...
2026-09-02T07:07:06.6565021Z Applying migration 20260826214240_patient_monitoring_latest_readings.sql...
2026-09-02T07:07:06.6805371Z Applying migration 20260826224252_escalation_review_server_stamp_and_referred_gate.sql...
2026-09-02T07:07:06.6909003Z Applying migration 20260826224420_fix_escalation_referred_gate_emergency_scope.sql...
2026-09-02T07:07:06.6988901Z Applying migration 20260826224739_clinician_alert_sla_breach_escalation.sql...
2026-09-02T07:07:06.7122824Z Applying migration 20260826224913_clinical_staff_indemnity_lapse_notify.sql...
2026-09-02T07:07:06.7315195Z Applying migration 20260826225042_protocol_scope_referral_gate.sql...
2026-09-02T07:07:06.7727387Z Applying migration 20260826225518_clinical_incident_near_miss_log.sql...
2026-09-02T07:07:06.7890059Z Applying migration 20260826225650_harden_sla_indemnity_notification_table_grants.sql...
2026-09-02T07:07:06.7941666Z Applying migration 20260827200654_clinical_staff_license_expiry_tracking.sql...
2026-09-02T07:07:06.8572770Z Applying migration 20260827201621_clinical_encounter_notes.sql...
2026-09-02T07:07:06.8744112Z Applying migration 20260827201632_timeline_event_type_encounter_documented.sql...
2026-09-02T07:07:06.8785067Z Applying migration 20260827201654_clinical_encounter_notes_timeline_wiring.sql...
2026-09-02T07:07:06.8835608Z Applying migration 20260827202347_analytics_provider_capacity_rpc.sql...
2026-09-02T07:07:06.8903848Z Applying migration 20260827203345_partner_org_self_service_locations_and_availability.sql...
2026-09-02T07:07:06.9057360Z Applying migration 20260827203409_public_partner_locations_add_pharmacy_branches.sql...
2026-09-02T07:07:06.9251327Z Applying migration 20260827203516_profiles_self_update_column_guard.sql...
2026-09-02T07:07:07.0285054Z Applying migration 20260827203536_lab_analyte_reference_range_and_flag.sql...
2026-09-02T07:07:07.0368298Z Applying migration 20260827203548_vitals_respiratory_rate_and_peak_flow.sql...
2026-09-02T07:07:07.0669972Z Applying migration 20260827203620_record_corrections_platform_wide.sql...
2026-09-02T07:07:07.0862274Z Applying migration 20260827203629_timeline_condition_event_types.sql...
2026-09-02T07:07:07.0907994Z Applying migration 20260827203653_patient_conditions_problem_list.sql...
2026-09-02T07:07:07.1089890Z Applying migration 20260827203714_family_history.sql...
2026-09-02T07:07:07.1215814Z Applying migration 20260827203725_social_history.sql...
2026-09-02T07:07:07.1328397Z Applying migration 20260827203741_medication_receipt_confirmations.sql...
2026-09-02T07:07:07.1459967Z Applying migration 20260827203748_patient_allergies_audit_and_corrections.sql...
2026-09-02T07:07:07.1513963Z Applying migration 20260827203757_guard_profiles_self_update_committed_and_partner_admin.sql...
2026-09-02T07:07:07.1984731Z Applying migration 20260827203813_pharmacist_own_partner_id_rpc.sql...
2026-09-02T07:07:07.2033311Z Applying migration 20260827204006_admin_set_partner_admin_rpc.sql...
2026-09-02T07:07:07.2083733Z Applying migration 20260827204109_admin_link_pharmacist_rpc.sql...
2026-09-02T07:07:07.2129269Z Applying migration 20260827221517_fix_profiles_self_update_column_guard_account_purpose_bug.sql...
2026-09-02T07:07:07.2213664Z Applying migration 20260827235203_fix_patient_conditions_timeline_event_type_cast.sql...
2026-09-02T07:07:07.2262261Z Applying migration 20260827235832_record_corrections_revoke_default_privilege_grants.sql...
2026-09-02T07:07:07.2310516Z Applying migration 20260828000528_appointment_engine_types.sql...
2026-09-02T07:07:07.2728651Z Applying migration 20260828000637_appointment_engine_core.sql...
2026-09-02T07:07:07.3147531Z Applying migration 20260828000800_abnormal_result_engine_corrections_and_ops_dashboard.sql...
2026-09-02T07:07:07.3504252Z Applying migration 20260828000941_appointment_engine_availability.sql...
2026-09-02T07:07:07.3939302Z Applying migration 20260828001054_fix_abnormal_result_engine_missing_sla_tier.sql...
2026-09-02T07:07:07.4235988Z Applying migration 20260828001600_appointment_engine_lifecycle.sql...
2026-09-02T07:07:07.4552838Z Applying migration 20260828001728_appointment_engine_reminders.sql...
2026-09-02T07:07:07.4634941Z Applying migration 20260828001916_appointment_engine_resources_and_capacity.sql...
2026-09-02T07:07:07.4761780Z Applying migration 20260828001925_consultation_system_enum_additions.sql...
2026-09-02T07:07:07.4809246Z Applying migration 20260828001944_clinical_encounter_notes_outcome_and_call_metadata.sql...
2026-09-02T07:07:07.4884894Z Applying migration 20260828002030_consultation_follow_ups.sql...
2026-09-02T07:07:07.5143333Z Applying migration 20260828002100_repeated_no_show_care_gap.sql...
2026-09-02T07:07:07.5280954Z Applying migration 20260828002119_video_consultation_prep_bundle.sql...
2026-09-02T07:07:07.5354329Z Applying migration 20260828002130_result_acknowledgement_status_actually_apply.sql...
2026-09-02T07:07:07.5531573Z Applying migration 20260828002134_consultation_feedback.sql...
2026-09-02T07:07:07.5639029Z Applying migration 20260828002143_consultation_tables_audit_triggers.sql...
2026-09-02T07:07:07.5710365Z Applying migration 20260828002313_fix_confirm_appointment_booking_status_cast.sql...
2026-09-02T07:07:07.6196428Z Applying migration 20260828002426_fix_cancel_appointment_status_cast.sql...
2026-09-02T07:07:07.6288527Z Applying migration 20260828002552_fix_result_acknowledgement_status_next_steps_wipe_bug.sql...
2026-09-02T07:07:07.6495182Z Applying migration 20260828005902_appointment_engine_index_cleanup.sql...
2026-09-02T07:07:07.6594195Z Applying migration 20260828181858_my_provider_performance_rpc.sql...
2026-09-02T07:07:07.6727142Z Applying migration 20260828181908_note_templates.sql...
2026-09-02T07:07:07.6830978Z Applying migration 20260828181930_risk_reassessment_queue.sql...
2026-09-02T07:07:07.6991809Z Applying migration 20260828181954_care_plan_management.sql...
2026-09-02T07:07:07.7676589Z Applying migration 20260828182015_care_team_handover_audit.sql...
2026-09-02T07:07:07.7844659Z Applying migration 20260828182928_risk_level_unknown.sql...
2026-09-02T07:07:07.7906662Z Applying migration 20260828182946_risk_confidence_and_domain_coverage.sql...
2026-09-02T07:07:07.7993972Z Applying migration 20260828183044_risk_questionnaire_configs.sql...
2026-09-02T07:07:07.8830155Z Applying migration 20260828183100_prevention_campaigns.sql...
2026-09-02T07:07:07.8983931Z Applying migration 20260828183113_geo_health_intelligence.sql...
2026-09-02T07:07:07.9207821Z Applying migration 20260828183145_escalating_preventive_reminders.sql...
2026-09-02T07:07:07.9523234Z Applying migration 20260828183154_high_risk_patient_ids_rpc.sql...
2026-09-02T07:07:07.9822368Z Applying migration 20260828183440_prescription_workspace_fields.sql...
2026-09-02T07:07:07.9977034Z Applying migration 20260828183503_document_orphaned_outreach_trigger_types.sql...
2026-09-02T07:07:08.0013276Z Applying migration 20260828183513_document_orphaned_outreach_trigger_types_part2.sql...
2026-09-02T07:07:08.0053135Z Applying migration 20260828185821_vitals_measurement_provenance_and_validation.sql...
2026-09-02T07:07:08.0439760Z Applying migration 20260828185910_monitoring_schedule_items_and_device_provenance.sql...
2026-09-02T07:07:08.0657107Z Applying migration 20260828185958_vitals_monitoring_adherence_and_gap_ladder.sql...
2026-09-02T07:07:08.0879132Z Applying migration 20260828190031_patient_monitoring_roster_adherence_and_abnormal_count.sql...
2026-09-02T07:07:08.1075867Z Applying migration 20260828190058_heart_failure_rpm_weight_gain_alert.sql...
2026-09-02T07:07:08.1226916Z Applying migration 20260828190218_patient_spo2_temperature_pulse_targets.sql...
2026-09-02T07:07:08.1438615Z Applying migration 20260828190301_wire_spo2_temperature_triggers_to_individualised_targets.sql...
2026-09-02T07:07:08.1821608Z Applying migration 20260828203227_alert_system_taxonomy_and_governance.sql...
2026-09-02T07:07:08.1962140Z Applying migration 20260828203327_alert_status_add_snoozed_closed.sql...
2026-09-02T07:07:08.2022853Z Applying migration 20260828204033_clinician_alerts_taxonomy_lifecycle_ownership.sql...
2026-09-02T07:07:08.2388288Z Applying migration 20260828204052_alert_deliveries_and_notify_helper.sql...
2026-09-02T07:07:08.2507062Z Applying migration 20260828204117_clinician_alert_ack_timeout_escalation_ladder.sql...
2026-09-02T07:07:08.2649178Z Applying migration 20260828204149_alert_generators_previously_uncovered_types.sql...
2026-09-02T07:07:08.2762173Z Applying migration 20260828204212_alert_follow_up_tasks_on_snooze.sql...
2026-09-02T07:07:08.2895119Z Applying migration 20260828204232_alert_analytics_rpcs.sql...
2026-09-02T07:07:08.3727937Z Applying migration 20260828204545_fix_snooze_trigger_skip_follow_up_task_when_reason_null.sql...
2026-09-02T07:07:08.3797007Z Applying migration 20260828222324_care_plan_status_lifecycle.sql...
2026-09-02T07:07:08.3840787Z Applying migration 20260828222409_care_plan_goal_status_add_proposed.sql...
2026-09-02T07:07:08.4181833Z Applying migration 20260828222423_care_plan_goals.sql...
2026-09-02T07:07:08.4377449Z Applying migration 20260828222447_care_tasks.sql...
2026-09-02T07:07:08.4560398Z Applying migration 20260828222509_chronic_programme_action_templates.sql...
2026-09-02T07:07:08.4625938Z Applying migration 20260828222526_care_plan_programme_enrolment_and_seeding.sql...
2026-09-02T07:07:08.5641412Z Applying migration 20260828222532_outreach_trigger_missed_care_task.sql...
2026-09-02T07:07:08.5694606Z Applying migration 20260828222552_care_task_exception_detection.sql...
2026-09-02T07:07:08.5824040Z Applying migration 20260828222604_care_plan_decisions.sql...
2026-09-02T07:07:08.6669518Z Applying migration 20260828222619_care_management_analytics.sql...
2026-09-02T07:07:08.6802804Z Applying migration 20260828222628_outreach_trigger_missed_appointment_and_failed_referral.sql...
2026-09-02T07:07:08.6842659Z Applying migration 20260828222648_care_outreach_appointments_and_referrals.sql...
2026-09-02T07:07:08.7338136Z Applying migration 20260828222659_fix_psa_sdm_gate_null_screen_type_code.sql...
2026-09-02T07:07:08.7438853Z Applying migration 20260828222750_fix_abnormal_result_handler_http_post_not_null_crash.sql...
2026-09-02T07:07:08.7604152Z Applying migration 20260828222756_grant_anon_execute_has_permission_for_public_impact_metrics.sql...
2026-09-02T07:07:08.7901793Z Applying migration 20260828222906_restore_sponsor_monthly_report_dedup_guard.sql...
2026-09-02T07:07:08.8019935Z Applying migration 20260828223132_clinician_alerts_severity_dedup_key_defaults.sql...
2026-09-02T07:07:08.8113888Z Applying migration 20260828223205_care_plan_goals_care_plan_id_nullable.sql...
2026-09-02T07:07:08.8175310Z Applying migration 20260828225453_medication_affordability_reports.sql...
2026-09-02T07:07:08.8305599Z Applying migration 20260828225521_medication_dispense_flags.sql...
2026-09-02T07:07:08.8468582Z Applying migration 20260828225535_pharmacy_order_dispenses_strength_batch_expiry.sql...
2026-09-02T07:07:08.8572463Z Applying migration 20260828225826_medication_flags_stamp_resolver_attribution.sql...
2026-09-02T07:07:08.8622471Z Applying migration 20260828230103_fix_medication_flags_stamp_also_on_insert.sql...
2026-09-02T07:07:08.8681396Z Applying migration 20260828230133_lab_order_sample_rejected_enum.sql...
2026-09-02T07:07:08.8715215Z Applying migration 20260828230216_lab_order_sample_rejection.sql...
2026-09-02T07:07:08.8870759Z Applying migration 20260828230227_lab_order_sample_collected_at.sql...
2026-09-02T07:07:08.8930427Z Applying migration 20260828230236_lab_order_result_overdue_alerts.sql...
2026-09-02T07:07:09.0078371Z Applying migration 20260828230703_diagnostic_services_catalogue_and_requests.sql...
2026-09-02T07:07:09.0346675Z Applying migration 20260828230746_health_education_content_type_expand.sql...
2026-09-02T07:07:09.0400127Z Applying migration 20260828230809_health_education_content_safety_versioning.sql...
2026-09-02T07:07:09.1340224Z Applying migration 20260828230822_diagnostic_reports_and_abnormal_result_hook.sql...
2026-09-02T07:07:09.1845022Z Applying migration 20260828230825_health_education_feed_library_extend_columns.sql...
2026-09-02T07:07:09.1960436Z Applying migration 20260828230842_diagnostic_service_quality_analytics.sql...
2026-09-02T07:07:09.2088653Z Applying migration 20260828230844_health_education_programmes.sql...
2026-09-02T07:07:09.3158615Z Applying migration 20260828230858_health_education_feedback.sql...
2026-09-02T07:07:09.3287629Z Applying migration 20260828230909_health_education_analytics_rpc.sql...
2026-09-02T07:07:09.3545373Z Applying migration 20260828230916_patient_result_explanations_allow_medication.sql...
2026-09-02T07:07:09.3647775Z Applying migration 20260828231035_health_education_feedback_rls_initplan_fix.sql...
2026-09-02T07:07:09.3698444Z Applying migration 20260828231059_diagnostic_report_id_fk_deferrable.sql...
2026-09-02T07:07:09.3757569Z Applying migration 20260828231105_health_education_programmes_seed_htn_dm.sql...
2026-09-02T07:07:09.3814517Z Applying migration 20260828231858_specialist_referral_status_closed.sql...
2026-09-02T07:07:09.3853112Z Applying migration 20260828231903_specialist_referral_timeline_event_type.sql...
2026-09-02T07:07:09.3895360Z Applying migration 20260828231906_specialist_referral_outreach_trigger_type.sql...
2026-09-02T07:07:09.4008230Z Applying migration 20260828231917_specialist_referral_intake_and_provenance.sql...
2026-09-02T07:07:09.4314410Z Applying migration 20260828231947_specialist_referral_outcome_and_closure.sql...
2026-09-02T07:07:09.4445241Z Applying migration 20260828231956_specialist_referral_outcome_documents_bucket.sql...
2026-09-02T07:07:09.4833941Z Applying migration 20260828232008_specialist_referral_feedback_loop_notifications.sql...
2026-09-02T07:07:09.5138394Z Applying migration 20260828232027_specialist_referral_stale_escalation.sql...
2026-09-02T07:07:09.5238433Z Applying migration 20260828232205_pharmacy_partner_onboarding_pipeline.sql...
2026-09-02T07:07:09.5447779Z Applying migration 20260828232556_pharmacy_order_acceptance_decline_refund.sql...
2026-09-02T07:07:09.5602323Z Applying migration 20260828232721_pharmacist_orders_return_pricing_and_outcome.sql...
2026-09-02T07:07:09.5664795Z Applying migration 20260828233045_pharmacy_medications_stock_and_catalogue_detail.sql...
2026-09-02T07:07:09.6218405Z Applying migration 20260828233625_pharmacy_partners_delivery_fee.sql...
2026-09-02T07:07:09.6501174Z Applying migration 20260828233653_activate_partner_specialist_booking.sql...
2026-09-02T07:07:09.7644785Z Applying migration 20260828234033_clinician_audit_gaps.sql...
2026-09-02T07:07:09.9041110Z Applying migration 20260828234103_provider_notifications.sql...
2026-09-02T07:07:09.9190513Z Applying migration 20260828234225_fix_pharmacy_partner_onboarding_advance_update_order.sql...
2026-09-02T07:07:09.9291847Z Applying migration 20260829001552_support_centre_emergency_source.sql...
2026-09-02T07:07:09.9328839Z Applying migration 20260829001612_payment_fraud_signals.sql...
2026-09-02T07:07:09.9500521Z Applying migration 20260829001627_support_centre_taxonomy.sql...
2026-09-02T07:07:10.0281191Z Applying migration 20260829001638_patient_receipts.sql...
2026-09-02T07:07:10.0585542Z Applying migration 20260829001944_support_tickets_core.sql...
2026-09-02T07:07:10.0877889Z Applying migration 20260829002157_support_ticket_activity.sql...
2026-09-02T07:07:10.1119036Z Applying migration 20260829002306_support_ticket_clinical_escalation_schema.sql...
2026-09-02T07:07:10.1242412Z Applying migration 20260829002356_support_ticket_escalation_function.sql...
2026-09-02T07:07:10.1374416Z Applying migration 20260829002642_support_complaints.sql...
2026-09-02T07:07:10.1642333Z Applying migration 20260829002737_support_centre_analytics_rpcs.sql...
2026-09-02T07:07:10.1757292Z Applying migration 20260829003242_fix_escalate_support_ticket_alert_level_cast.sql...
2026-09-02T07:07:10.1824010Z Applying migration 20260829003735_group_screening_days.sql...
2026-09-02T07:07:10.2194354Z Applying migration 20260829004838_patient_invoices.sql...
2026-09-02T07:07:10.3300096Z Applying migration 20260829010000_prescription_lifecycle_rx_number_and_expiry.sql...
2026-09-02T07:07:10.3642288Z Applying migration 20260829010438_pharmacy_billing_collect_and_liability.sql...
2026-09-02T07:07:10.4117264Z Applying migration 20260829010500_amend_medication.sql...
2026-09-02T07:07:10.4262991Z Applying migration 20260829010859_pharmacy_billing_reconcile_settle_refund.sql...
2026-09-02T07:07:10.4722948Z Applying migration 20260829011000_medication_repeat_requests.sql...
2026-09-02T07:07:10.4893968Z Applying migration 20260829011043_finance_journal_entries_source_add_refund_sources.sql...
2026-09-02T07:07:10.6250900Z Applying migration 20260829011500_verify_prescription.sql...
2026-09-02T07:07:10.6359457Z Applying migration 20260829011918_insurance_core_policies_and_benefits.sql...
2026-09-02T07:07:10.6640110Z Applying migration 20260829012133_insurance_preauthorization_and_claims.sql...
2026-09-02T07:07:10.8252032Z Applying migration 20260829012519_reenable_purchase_care_voucher_for_partner_billed_bundles.sql...
2026-09-02T07:07:10.8613255Z Applying migration 20260829083159_insurance_dormant_until_activated.sql...
2026-09-02T07:07:10.8838796Z Applying migration 20260829083932_patient_device_type_smart_band.sql...
2026-09-02T07:07:10.8880528Z Applying migration 20260829085225_care_message_draft_replies.sql...
2026-09-02T07:07:11.0834112Z Applying migration 20260829091959_employer_platform_accounts_contracts_locations_departments.sql...
2026-09-02T07:07:11.2592840Z Applying migration 20260829092120_fix_guard_employer_account_self_update_sessionless_writes.sql...
2026-09-02T07:07:11.2916010Z Applying migration 20260829092227_platform_module_activation_gate.sql...
2026-09-02T07:07:11.3048621Z Applying migration 20260829092305_payer_and_provider_org_account_roles.sql...
2026-09-02T07:07:11.3092689Z Applying migration 20260829092316_employer_platform_enum_values.sql...
2026-09-02T07:07:11.3129380Z Applying migration 20260829092521_harden_is_org_staff_exclude_payer_and_provider_org.sql...
2026-09-02T07:07:11.3309538Z Applying migration 20260829092644_integration_gateway_core.sql...
2026-09-02T07:07:11.3529908Z Applying migration 20260829092726_payer_platform_core_insurers_plans_admins.sql...
2026-09-02T07:07:11.4214631Z Applying migration 20260829092959_payer_platform_enum_additions.sql...
2026-09-02T07:07:11.5545717Z Applying migration 20260829093034_integration_outbound_queue_and_webhooks.sql...
2026-09-02T07:07:11.6799366Z Applying migration 20260829093043_employer_platform_roster_eligibility_invitations_departure.sql...
2026-09-02T07:07:11.7916079Z Applying migration 20260829093134_mdm_terminology_core.sql...
2026-09-02T07:07:11.8304289Z Applying migration 20260829093147_ops_incident_register.sql...
2026-09-02T07:07:11.9082713Z Applying migration 20260829093204_payer_platform_network_and_programmes.sql...
2026-09-02T07:07:11.9290976Z Applying migration 20260829093230_integration_catalogue_and_monitoring.sql...
2026-09-02T07:07:11.9535569Z Applying migration 20260829093236_platform_feature_flags.sql...
2026-09-02T07:07:11.9686653Z Applying migration 20260829093257_clinical_rules_engine_rule_definitions.sql...
2026-09-02T07:07:12.0423214Z Applying migration 20260829093311_ai_governance_registry_and_vendors.sql...
2026-09-02T07:07:12.0766593Z Applying migration 20260829093356_ops_control_centre_rpcs.sql...
2026-09-02T07:07:12.2220946Z Applying migration 20260829093405_clinical_rules_engine_event_and_execution_ledger.sql...
2026-09-02T07:07:12.3712490Z Applying migration 20260829093427_ops_admin_role_presets.sql...
2026-09-02T07:07:12.4186936Z Applying migration 20260829093519_clinical_rules_engine_governance_rpcs.sql...
2026-09-02T07:07:12.4856807Z Applying migration 20260829093527_employer_platform_benefit_packages_entitlement_wiring.sql...
2026-09-02T07:07:12.5715092Z Applying migration 20260829093543_payer_platform_own_decisions_and_analytics.sql...
2026-09-02T07:07:12.6027714Z Applying migration 20260829093544_provider_quality_taxonomy_and_policy.sql...
2026-09-02T07:07:12.6201355Z Applying migration 20260829093550_clinical_rules_engine_event_emitters.sql...
2026-09-02T07:07:12.7930886Z Applying migration 20260829093608_fix_sync_employer_subscription_currency_enum_case.sql...
2026-09-02T07:07:12.9030477Z Applying migration 20260829093626_provider_feedback_professionalism_and_attribution.sql...
2026-09-02T07:07:12.9208226Z Applying migration 20260829093627_clinical_rules_engine_analytics.sql...
2026-09-02T07:07:12.9507565Z Applying migration 20260829093704_provider_org_organisation_type.sql...
2026-09-02T07:07:12.9546909Z Applying migration 20260829093724_provider_complaints_pathway.sql...
2026-09-02T07:07:13.0365098Z Applying migration 20260829093742_clinical_rules_engine_fk_index_fixes.sql...
2026-09-02T07:07:13.1284144Z Applying migration 20260829093748_mdm_units_and_concept_seed.sql...
2026-09-02T07:07:13.1509538Z Applying migration 20260829093805_provider_org_platform_core_structure_and_staff.sql...
2026-09-02T07:07:13.1749082Z Applying migration 20260829093808_ai_governance_guardrails_prompts_knowledge.sql...
2026-09-02T07:07:13.2109013Z Applying migration 20260829093830_provider_credential_monitoring_and_restrictions.sql...
2026-09-02T07:07:13.2508070Z Applying migration 20260829093908_provider_performance_interventions.sql...
2026-09-02T07:07:13.3002277Z Applying migration 20260829093930_provider_org_locations_departments_services_resources.sql...
2026-09-02T07:07:13.3474463Z Applying migration 20260829093946_mdm_clinical_concept_links.sql...
2026-09-02T07:07:13.4204089Z Applying migration 20260829094019_provider_scorecard_and_quality_analytics.sql...
2026-09-02T07:07:13.4696814Z Applying migration 20260829094032_employer_platform_campaigns_and_announcements_v2.sql...
2026-09-02T07:07:13.5435336Z Applying migration 20260829094237_employer_platform_billing_invoices.sql...
2026-09-02T07:07:13.5694784Z Applying migration 20260829094253_provider_org_directory_claiming_and_queues.sql...
2026-09-02T07:07:13.6244741Z Applying migration 20260829094309_mdm_duplicate_patient_detection.sql...
2026-09-02T07:07:13.6440035Z Applying migration 20260829094322_ai_governance_interaction_audit_and_incidents.sql...
2026-09-02T07:07:13.6895653Z Applying migration 20260829094352_fix_employer_invoices_status_attribution_check_v4.sql...
2026-09-02T07:07:13.7234302Z Applying migration 20260829094404_mdm_duplicate_detection_service_role_cron.sql...
2026-09-02T07:07:13.7284999Z Applying migration 20260829094440_integration_queue_rpcs_to_public_schema.sql...
2026-09-02T07:07:13.7353654Z Applying migration 20260829094445_provider_org_settlements_and_analytics.sql...
2026-09-02T07:07:13.7597268Z Applying migration 20260829094538_fix_provider_org_analytics_referral_aggregation_bug.sql...
2026-09-02T07:07:13.9237122Z Applying migration 20260829094708_mdm_patient_allergies_verification_status.sql...
2026-09-02T07:07:13.9368047Z Applying migration 20260829094802_clinical_rules_engine_seed_shadow_rules.sql...
2026-09-02T07:07:13.9438493Z Applying migration 20260829094847_symptom_triage_protocols_config.sql...
2026-09-02T07:07:13.9586398Z Applying migration 20260829094853_provider_credential_monitor_expose_restriction_id.sql...
2026-09-02T07:07:13.9678691Z Applying migration 20260829094928_ai_governance_evaluations_bias_and_drift.sql...
2026-09-02T07:07:14.0714015Z Applying migration 20260829094940_symptom_triage_escalation_sla_draft.sql...
2026-09-02T07:07:14.0798536Z Applying migration 20260829095025_symptom_triage_assessments.sql...
2026-09-02T07:07:14.1003858Z Applying migration 20260829095235_mdm_source_precedence.sql...
2026-09-02T07:07:14.1193660Z Applying migration 20260829095330_symptom_triage_assessments_revoke_default_grants.sql...
2026-09-02T07:07:14.1248733Z Applying migration 20260829095433_ai_governance_kill_switch_and_dashboard.sql...
2026-09-02T07:07:14.1512907Z Applying migration 20260829095455_payer_platform_read_access_preauth_and_claims.sql...
2026-09-02T07:07:14.1575334Z Applying migration 20260829095617_symptom_triage_safety_monitoring.sql...
2026-09-02T07:07:14.1638762Z Applying migration 20260829095649_mdm_data_quality_engine.sql...
2026-09-02T07:07:14.2330439Z Applying migration 20260829095837_mdm_data_retention_policies.sql...
2026-09-02T07:07:14.2473591Z Applying migration 20260829095842_schedule_integration_outbound_drain.sql...
2026-09-02T07:07:14.2675151Z Applying migration 20260829100025_ai_governance_register_running_systems.sql...
2026-09-02T07:07:14.2862499Z Applying migration 20260829100439_mdm_unindexed_fk_cleanup.sql...
2026-09-02T07:07:14.3717680Z Applying migration 20260829101733_ai_governance_runtime_coverage_and_actor_check.sql...
2026-09-02T07:07:14.3840554Z Applying migration 20260829111050_ai_governance_all_call_sites_wired.sql...
2026-09-02T07:07:14.3893787Z Applying migration 20260829111514_resweep_private_schema_execute_from_public.sql...
2026-09-02T07:07:14.5192860Z Applying migration 20260829114322_serious_incident_immediate_notification.sql...
2026-09-02T07:07:14.5372043Z Applying migration 20260829114336_protocol_registry_governance_fields.sql...
2026-09-02T07:07:14.5466164Z Applying migration 20260829114356_patient_consent_withdrawal.sql...
2026-09-02T07:07:14.5565003Z Applying migration 20260829114420_clinical_governance_domains.sql...
2026-09-02T07:07:14.5687174Z Applying migration 20260829121454_population_health_engine.sql...
2026-09-02T07:07:14.6923928Z Applying migration 20260829121649_screening_status_declined.sql...
2026-09-02T07:07:14.6981688Z Applying migration 20260829121740_20260829120000_ageing_assessments.sql...
2026-09-02T07:07:14.7226972Z Applying migration 20260829121803_20260829121500_falls_risk_pathway.sql...
2026-09-02T07:07:14.7391523Z Applying migration 20260829121818_screening_schedule_decline.sql...
2026-09-02T07:07:14.7462580Z Applying migration 20260829121834_20260829123000_social_determinants_and_home_care.sql...
2026-09-02T07:07:14.7854095Z Applying migration 20260829121900_screening_result_recall.sql...
2026-09-02T07:07:14.7947843Z Applying migration 20260829122135_diagnostic_ordering_investigation_management.sql...
2026-09-02T07:07:14.8434244Z Applying migration 20260829122442_link_clinical_incident_reports_to_ops_register.sql...
2026-09-02T07:07:14.9116128Z Applying migration 20260829125259_mental_health_epds_instrument.sql...
2026-09-02T07:07:14.9285906Z Applying migration 20260829125323_mental_health_screen_risk_stratification.sql...
2026-09-02T07:07:14.9362396Z Applying migration 20260829125341_wellbeing_checkins.sql...
2026-09-02T07:07:14.9505007Z Applying migration 20260829125410_health_education_stigma_selfmanagement.sql...
2026-09-02T07:07:14.9560288Z Applying migration 20260829125430_specialist_type_psychiatry_referral_rpc.sql...
2026-09-02T07:07:14.9622630Z Applying migration 20260829125604_wellbeing_checkins_fk_indexes.sql...
2026-09-02T07:07:14.9675307Z Applying migration 20260829125807_fix_mental_health_screen_concern_alert_level_cast.sql...
2026-09-02T07:07:14.9719935Z Applying migration 20260829131842_telemedicine_consultation_screen.sql...
2026-09-02T07:07:14.9963864Z Applying migration 20260829132216_mental_health_screening_cadence_governance.sql...
2026-09-02T07:07:15.0067407Z Applying migration 20260829132234_mental_health_screening_schedules.sql...
2026-09-02T07:07:15.0175521Z Applying migration 20260829132248_therapy_appointment_type_and_staff_flag.sql...
2026-09-02T07:07:15.0250476Z Applying migration 20260829132418_mental_health_screening_cadences_fk_index.sql...
2026-09-02T07:07:15.0289927Z Applying migration 20260829132639_consultation_patient_summaries.sql...
2026-09-02T07:07:15.1697185Z Applying migration 20260829140114_health_check_video_consult_all_tiers.sql...
2026-09-02T07:07:15.1989358Z Applying migration 20260829142337_patient_stopped_medication_raises_review.sql...
2026-09-02T07:07:15.2087543Z Applying migration 20260829142444_specialist_provider_profile_enrichment.sql...
2026-09-02T07:07:15.2178530Z Applying migration 20260829142516_specialist_provider_locations.sql...
2026-09-02T07:07:15.2258868Z Applying migration 20260829142558_specialist_provider_verification_pipeline.sql...
2026-09-02T07:07:15.2404036Z Applying migration 20260829142619_consultation_duration_standards.sql...
2026-09-02T07:07:15.2475064Z Applying migration 20260829142720_specialist_provider_availability.sql...
2026-09-02T07:07:15.2661695Z Applying migration 20260829142816_specialist_provider_workload_performance.sql...
2026-09-02T07:07:15.2756646Z Applying migration 20260829142846_medication_log_status_delayed_not_available.sql...
2026-09-02T07:07:15.2804365Z Applying migration 20260829142858_adherence_escalation_counts_not_available.sql...
2026-09-02T07:07:15.2965677Z Applying migration 20260829143304_navigation_requests.sql...
2026-09-02T07:07:15.3189078Z Applying migration 20260829143601_report_medication_safety_finding_rpc.sql...
2026-09-02T07:07:15.5969044Z Applying migration 20260829144134_create_navigation_request_rpc.sql...
2026-09-02T07:07:15.6040850Z Applying migration 20260829144151_medication_review_outcome.sql...
2026-09-02T07:07:15.6135026Z Applying migration 20260829154944_symptoms_medication_link.sql...
2026-09-02T07:07:15.6215775Z Applying migration 20260829155516_alert_type_medication_access_barrier.sql...
2026-09-02T07:07:15.6265804Z Applying migration 20260829155532_medication_access_barriers.sql...
2026-09-02T07:07:15.6418451Z Applying migration 20260829160203_polypharmacy_review_signal.sql...
2026-09-02T07:07:15.6495392Z Applying migration 20260829160625_medication_lab_monitoring_reminders.sql...
2026-09-02T07:07:15.6574409Z Applying migration 20260829161136_referral_management_engine_fields.sql...
2026-09-02T07:07:15.6674424Z Applying migration 20260829161144_referral_urgency_add_emergency.sql...
2026-09-02T07:07:15.6712699Z Applying migration 20260829161151_referral_status_add_draft.sql...
2026-09-02T07:07:15.6746462Z Applying migration 20260829161238_specialist_referral_create_gate.sql...
2026-09-02T07:07:15.6831558Z Applying migration 20260829161318_referral_stale_sweeps_exclude_draft.sql...
2026-09-02T07:07:15.6907563Z Applying migration 20260829190140_medication_lab_monitoring_reminder_in_app_companion.sql...
2026-09-02T07:07:15.6998004Z Applying migration 20260829190315_medication_dose_time_reminders.sql...
2026-09-02T07:07:15.7127066Z Applying migration 20260829190605_medication_reconciliation.sql...
2026-09-02T07:07:15.7259947Z Applying migration 20260829204722_audit_log_reason_and_result.sql...
2026-09-02T07:07:15.7559431Z Applying migration 20260829204903_disease_surveillance_and_programme_funnel.sql...
2026-09-02T07:07:15.7685447Z Applying migration 20260829205354_feature_flags_cohort_targeting_and_eval.sql...
2026-09-02T07:07:15.7798196Z Applying migration 20260829205657_feature_flags_deduplicate_concurrent_rules_build.sql...
2026-09-02T07:07:15.7877265Z Applying migration 20260829212441_clinical_incident_reports_safety_event_taxonomy.sql...
2026-09-02T07:07:15.7935737Z Applying migration 20260829212708_wrong_patient_identity_confirmation.sql...
2026-09-02T07:07:15.8109841Z Applying migration 20260829212816_alert_type_code_safeguarding_concern.sql...
2026-09-02T07:07:15.8150194Z Applying migration 20260829212949_safeguarding_concerns.sql...
2026-09-02T07:07:15.8316238Z Applying migration 20260829213034_safeguarding_concerns_fk_indexes.sql...
2026-09-02T07:07:15.8376037Z Applying migration 20260829213726_ai_assistant_expansion_care_plan_appointment_prep.sql...
2026-09-02T07:07:15.8478318Z Applying migration 20260829214800_safety_dashboard_summary_rpc.sql...
2026-09-02T07:07:15.8545867Z Applying migration 20260829221025_hypertension_obesity_quality_metrics.sql...
2026-09-02T07:07:15.8653045Z Applying migration 20260829221101_clinical_incident_reports_root_cause_taxonomy.sql...
2026-09-02T07:07:15.9301263Z Applying migration 20260829221139_alert_level_specialist_review.sql...
2026-09-02T07:07:16.0935214Z Applying migration 20260829221506_care_gap_outreach_trigger_type_values.sql...
2026-09-02T07:07:16.1000867Z Applying migration 20260829221519_quality_improvement_cycles.sql...
2026-09-02T07:07:16.1225440Z Applying migration 20260829221641_care_gap_referral_medication_monitoring.sql...
2026-09-02T07:07:16.1533471Z Applying migration 20260829221711_protocol_review_workflow.sql...
2026-09-02T07:07:16.1778142Z Applying migration 20260829221746_pr2_fk_indexes.sql...
2026-09-02T07:07:16.1852999Z Applying migration 20260829222012_ai_assistant_expansion_patient_result_explanations_audit_trigger.sql...
2026-09-02T07:07:16.1894131Z Applying migration 20260829222142_operations_centre_analytics_rpcs.sql...
2026-09-02T07:07:16.2052490Z Applying migration 20260829222627_fix_protocol_draft_promotion_trigger_self_block.sql...
2026-09-02T07:07:16.2296054Z Applying migration 20260829222900_master_data_registry_security_invoker.sql...
2026-09-02T07:07:16.2342956Z Applying migration 20260829222942_flag_cross_org_actor_on_phi_audit_entries.sql...
2026-09-02T07:07:16.2892863Z Applying migration 20260829223317_sign_lpe_content_blocks_and_triage_protocols.sql...
2026-09-02T07:07:16.2983384Z Applying migration 20260829223329_known_device_login_notification.sql...
2026-09-02T07:07:16.3104308Z Applying migration 20260829223350_data_classification_and_inventory.sql...
2026-09-02T07:07:16.3226810Z Applying migration 20260829223408_consent_type_device_marketing_research.sql...
2026-09-02T07:07:16.3296249Z Applying migration 20260829223506_data_deletion_requests.sql...
2026-09-02T07:07:16.3553393Z Applying migration 20260829223537_care_access_event_kind_data_exported.sql...
2026-09-02T07:07:16.4993096Z Applying migration 20260829223600_care_access_events_external_sharing_scope.sql...
2026-09-02T07:07:16.5163176Z Applying migration 20260829224053_regulatory_register_and_vendor_assessments.sql...
2026-09-02T07:07:16.5372441Z Applying migration 20260829224234_partner_license_expiry_cascade_and_compliance_owner.sql...
2026-09-02T07:07:16.5606268Z Applying migration 20260830001040_log_patient_data_export.sql...
2026-09-02T07:07:16.6271947Z Applying migration 20260830001344_fix_log_patient_data_export_schema.sql...
2026-09-02T07:07:16.6334794Z Applying migration 20260830001845_data_correction_requests.sql...
2026-09-02T07:07:16.6471903Z Applying migration 20260830002055_force_organisation_id_on_dsar_requests.sql...
2026-09-02T07:07:16.6534895Z Applying migration 20260830002235_notification_response_tracking_columns.sql...
2026-09-02T07:07:16.6587562Z Applying migration 20260830002243_notification_template_enums.sql...
2026-09-02T07:07:16.6630998Z Applying migration 20260830002308_notification_templates_registry.sql...
2026-09-02T07:07:16.6774360Z Applying migration 20260830002321_communication_preferences_columns.sql...
2026-09-02T07:07:16.6844929Z Applying migration 20260830002342_remap_notification_channel_respects_preference.sql...
2026-09-02T07:07:16.6943808Z Applying migration 20260830002411_broadcast_marketing_consent.sql...
2026-09-02T07:07:16.8746136Z Applying migration 20260830002425_alert_type_code_message_safety_flag.sql...
2026-09-02T07:07:17.0444325Z Applying migration 20260830002503_care_message_safety_screening.sql...
2026-09-02T07:07:17.0628354Z Applying migration 20260830002534_fix_table_classifications_phantom_table_name.sql...
2026-09-02T07:07:17.0682801Z Applying migration 20260830002554_notification_templates_seed.sql...
2026-09-02T07:07:17.0772810Z Applying migration 20260830002619_appointment_reminder_two_way_response.sql...
2026-09-02T07:07:17.0852951Z Applying migration 20260830002641_notification_template_locales_pilot_batch.sql...
2026-09-02T07:07:17.0911937Z Applying migration 20260830002722_notification_template_locales_batch2.sql...
2026-09-02T07:07:17.1002858Z Applying migration 20260830002748_notification_template_locales_inapp_batch.sql...
2026-09-02T07:07:17.1070061Z Applying migration 20260830002815_notification_template_locales_gap_closure.sql...
2026-09-02T07:07:17.1134120Z Applying migration 20260830003005_timeline_document_imaging_conflict_event_types.sql...
2026-09-02T07:07:17.2772481Z Applying migration 20260830003039_patient_documents_external_records.sql...
2026-09-02T07:07:17.3482171Z Applying migration 20260830003118_imaging_reports.sql...
2026-09-02T07:07:17.3737738Z Applying migration 20260830003157_record_conflicts_reconciliation.sql...
2026-09-02T07:07:17.6209528Z Applying migration 20260830003404_notification_templates_manage_permission.sql...
2026-09-02T07:07:17.6292028Z Applying migration 20260830004048_patient_record_search.sql...
2026-09-02T07:07:17.6541753Z Applying migration 20260830004148_clinical_summary.sql...
2026-09-02T07:07:17.7574475Z Applying migration 20260830004707_search_vector_functions_lock_search_path.sql...
2026-09-02T07:07:17.7640187Z Applying migration 20260830012429_reproductive_health_profiles_gate_on_can_read_clinical.sql...
2026-09-02T07:07:17.7719097Z Applying migration 20260830012721_facility_services_catalogue_fields.sql...
2026-09-02T07:07:17.7770201Z Applying migration 20260830013015_fix_search_patient_record_order_by_rank.sql...
2026-09-02T07:07:17.7863367Z Applying migration 20260830013226_health_education_governance_lifecycle.sql...
2026-09-02T07:07:18.0950981Z Applying migration 20260830013316_health_education_protocol_review_trigger.sql...
2026-09-02T07:07:18.1026444Z Applying migration 20260830013350_health_literacy_assessments.sql...
2026-09-02T07:07:18.2496908Z Applying migration 20260830013412_health_education_translations.sql...
2026-09-02T07:07:18.2579272Z Applying migration 20260830013923_health_education_feed_language_age_literacy.sql...
2026-09-02T07:07:18.2705120Z Applying migration 20260830013949_health_education_category_add_values.sql...
2026-09-02T07:07:18.2742526Z Applying migration 20260830014048_health_education_category_retag.sql...
2026-09-02T07:07:18.3103360Z Applying migration 20260830014233_health_education_goal_link.sql...
2026-09-02T07:07:18.3218907Z Applying migration 20260830014343_health_education_event_triggers.sql...
2026-09-02T07:07:18.4522048Z Applying migration 20260830014453_chronic_condition_programmes_commercial_fields.sql...
2026-09-02T07:07:18.4684440Z Applying migration 20260830014513_health_education_trigger_mapping_precision_fix.sql...
2026-09-02T07:07:18.4748512Z Applying migration 20260830014522_20260830150000_care_message_category.sql...
2026-09-02T07:07:18.4875203Z Applying migration 20260830014524_chronic_enrolment_source_add_patient_purchase.sql...
2026-09-02T07:07:18.5437068Z Applying migration 20260830014530_employer_roster_eligible_activated_billing.sql...
2026-09-02T07:07:18.5619427Z Applying migration 20260830014549_20260830150200_care_message_read_tracking.sql...
2026-09-02T07:07:18.5741080Z Applying migration 20260830014555_20260830150400_alert_type_code_unread_clinical_message.sql...
2026-09-02T07:07:18.5780259Z Applying migration 20260830014616_programme_purchases.sql...
2026-09-02T07:07:18.6121673Z Applying migration 20260830014642_programme_purchase_payment_activation.sql...
2026-09-02T07:07:18.6208917Z Applying migration 20260830014646_ai_governance_manage_permission.sql...
2026-09-02T07:07:18.6243528Z Applying migration 20260830014653_20260830150600_care_message_unread_escalation.sql...
2026-09-02T07:07:18.6320745Z Applying migration 20260830014708_20260830150800_care_message_templates.sql...
2026-09-02T07:07:18.6433217Z Applying migration 20260830014719_entitlement_gates_use_programme_purchases.sql...
2026-09-02T07:07:18.6852192Z Applying migration 20260830014723_20260830151000_care_message_attachments.sql...
2026-09-02T07:07:18.7018565Z Applying migration 20260830014732_20260830151200_care_message_communication_log_view.sql...
2026-09-02T07:07:18.7112538Z Applying migration 20260830014747_result_document_review_follows_purchase.sql...
2026-09-02T07:07:18.7195569Z Applying migration 20260830014817_revert_care_voucher_to_panel_bundle_gifting.sql...
2026-09-02T07:07:18.7278584Z Applying migration 20260830014842_health_check_catalog.sql...
2026-09-02T07:07:18.8190200Z Applying migration 20260830015108_health_education_status_quick_toggle.sql...
2026-09-02T07:07:18.9492288Z Applying migration 20260830015233_entitlement_allowlist_missed_features.sql...
2026-09-02T07:07:18.9567817Z Applying migration 20260830015915_population_health_intelligence_analytics.sql...
2026-09-02T07:07:18.9780058Z Applying migration 20260830020100_health_education_reading_level_and_audio_url_reconcile.sql...
2026-09-02T07:07:18.9830215Z Applying migration 20260830020316_programme_purchases_allow_sponsor_insert.sql...
2026-09-02T07:07:19.0740162Z Applying migration 20260830020910_programme_purchases_placeholder_defaults.sql...
2026-09-02T07:07:19.0802379Z Applying migration 20260830082927_programme_purchases_sponsor_grant_recheck.sql...
2026-09-02T07:07:19.0915871Z Applying migration 20260830085400_20260830090500_lab_result_consult_context_value.sql...
2026-09-02T07:07:19.1342253Z Applying migration 20260830085418_lab_result_consult_context_link.sql...
2026-09-02T07:07:19.1396715Z Applying migration 20260830085430_lab_result_consult_prices.sql...
2026-09-02T07:07:19.1495772Z Applying migration 20260830085501_lab_result_consult_requests.sql...
2026-09-02T07:07:19.1661602Z Applying migration 20260830085517_lab_result_consult_claim_and_settle.sql...
2026-09-02T07:07:19.1788120Z Applying migration 20260830094627_lab_result_consult_accepted_status.sql...
2026-09-02T07:07:19.1827178Z Applying migration 20260830094635_lab_result_consult_accept_columns.sql...
2026-09-02T07:07:19.1902280Z Applying migration 20260830094648_accept_lab_result_consult_request.sql...
2026-09-02T07:07:19.2069265Z Applying migration 20260830101116_lab_result_consult_cross_system_conflict_check.sql...
2026-09-02T07:07:19.2153804Z Applying migration 20260830101137_lab_result_consult_reschedule_release_cancel.sql...
2026-09-02T07:07:19.3422894Z Applying migration 20260830101147_lab_result_consult_notify_staff_pending.sql...
2026-09-02T07:07:19.3502123Z Applying migration 20260830101217_finance_unified_ledger.sql...
2026-09-02T07:07:19.3665024Z Applying migration 20260830101935_vaccination_cardiovascular_quarterly_reports_gate_on_can_read_clinical.sql...
2026-09-02T07:07:19.3740878Z Applying migration 20260830102308_extract_serology_status_from_profiles.sql...
2026-09-02T07:07:19.3989051Z Applying migration 20260830102521_promo_codes.sql...
2026-09-02T07:07:19.4247018Z Applying migration 20260830102604_care_access_event_kind_add_category_values.sql...
2026-09-02T07:07:19.4742443Z Applying migration 20260830102922_medication_missed_reason.sql...
2026-09-02T07:07:19.4814045Z Applying migration 20260830102929_outreach_trigger_medication_engagement_barrier.sql...
2026-09-02T07:07:19.4881834Z Applying migration 20260830102938_resweep_private_schema_execute_programme_purchase_health_education.sql...
2026-09-02T07:07:19.4939314Z Applying migration 20260830102953_medication_logs_route_missed_reason.sql...
2026-09-02T07:07:19.5015394Z Applying migration 20260830103251_category_scoped_clinical_access_and_emergency_access.sql...
2026-09-02T07:07:19.5778447Z Applying migration 20260830103626_care_voucher_cancellation_refunds.sql...
2026-09-02T07:07:19.5942802Z Applying migration 20260830103634_revoke_anon_execute_care_access_emergency_functions.sql...
2026-09-02T07:07:19.6304466Z Applying migration 20260830103641_reminder_time_window.sql...
2026-09-02T07:07:19.7822500Z Applying migration 20260830104041_care_plan_status_history.sql...
2026-09-02T07:07:19.8060543Z Applying migration 20260830104136_outreach_trigger_engagement_decline.sql...
2026-09-02T07:07:19.8108604Z Applying migration 20260830104139_care_plan_status_history_baseline_backfill.sql...
2026-09-02T07:07:19.8154322Z Applying migration 20260830104231_disease_surveillance_real_prevalence_trend.sql...
2026-09-02T07:07:19.8262223Z Applying migration 20260830104234_patient_engagement_scoring.sql...
2026-09-02T07:07:19.8513454Z Applying migration 20260830104952_analytics_engagement_outcome_correlation.sql...
2026-09-02T07:07:19.8588009Z Applying migration 20260830105106_fix_category_access_owner_guard_cascade_delete.sql...
2026-09-02T07:07:20.0063654Z Applying migration 20260830105305_voucher_refund_queue_beneficiary_select.sql...
2026-09-02T07:07:20.0301585Z Applying migration 20260830105624_payment_transaction_type_dispute_events.sql...
2026-09-02T07:07:20.0343710Z Applying migration 20260830110013_fraud_sweep_helper_and_chargeback_signal.sql...
2026-09-02T07:07:20.0434720Z Stopping containers...
2026-09-02T07:07:31.9799838Z ERROR: authenticated/anon must never call payments_with_payer_for_fraud_sweep — service-role only (SQLSTATE P0001)
2026-09-02T07:07:31.9801457Z At statement: 4
2026-09-02T07:07:31.9801759Z do $$
2026-09-02T07:07:31.9802091Z begin
2026-09-02T07:07:31.9802626Z   if has_function_privilege('anon', 'public.payments_with_payer_for_fraud_sweep(timestamptz, timestamptz)', 'EXECUTE')
2026-09-02T07:07:31.9803414Z      or has_function_privilege('authenticated', 'public.payments_with_payer_for_fraud_sweep(timestamptz, timestamptz)', 'EXECUTE') then
2026-09-02T07:07:31.9804703Z     raise exception 'authenticated/anon must never call payments_with_payer_for_fraud_sweep — service-role only';
2026-09-02T07:07:31.9805231Z   end if;
2026-09-02T07:07:31.9805473Z end $$
2026-09-02T07:07:31.9805797Z Try rerunning the command with --debug to troubleshoot the error.
2026-09-02T07:07:31.9885188Z ##[error]Process completed with exit code 1.
2026-09-02T07:07:32.0020848Z Node 20 is being deprecated. This workflow is running with Node 24 by default. If you need to temporarily use Node 20, you can set the ACTIONS_ALLOW_USE_UNSECURE_NODE_VERSION=true environment variable. For more information see: https://github.blog/changelog/2025-09-19-deprecation-of-node-20-on-github-actions-runners/
2026-09-02T07:07:32.0021943Z Post job cleanup.
2026-09-02T07:07:32.0863358Z [command]/usr/bin/git version
2026-09-02T07:07:32.0899204Z git version 2.55.0
2026-09-02T07:07:32.0927014Z Temporarily overriding HOME='/home/runner/work/_temp/31669f4a-db52-4320-9ccc-adb1040a5701' before making global git config changes
2026-09-02T07:07:32.0928144Z Adding repository directory to the temporary git global config as a safe directory
2026-09-02T07:07:32.0930461Z [command]/usr/bin/git config --global --add safe.directory /home/runner/work/Tarragon-Health/Tarragon-Health
2026-09-02T07:07:32.0966446Z [command]/usr/bin/git config --local --name-only --get-regexp core\.sshCommand
2026-09-02T07:07:32.0993414Z [command]/usr/bin/git submodule foreach --recursive sh -c "git config --local --name-only --get-regexp 'core\.sshCommand' && git config --local --unset-all 'core.sshCommand' || :"
2026-09-02T07:07:32.1179805Z [command]/usr/bin/git config --local --name-only --get-regexp http\.https\:\/\/github\.com\/\.extraheader
2026-09-02T07:07:32.1201549Z http.https://github.com/.extraheader
2026-09-02T07:07:32.1209444Z [command]/usr/bin/git config --local --unset-all http.https://github.com/.extraheader
2026-09-02T07:07:32.1235101Z [command]/usr/bin/git submodule foreach --recursive sh -c "git config --local --name-only --get-regexp 'http\.https\:\/\/github\.com\/\.extraheader' && git config --local --unset-all 'http.https://github.com/.extraheader' || :"
2026-09-02T07:07:32.1432810Z [command]/usr/bin/git config --local --name-only --get-regexp ^includeIf\.gitdir:
2026-09-02T07:07:32.1459652Z [command]/usr/bin/git submodule foreach --recursive git config --local --show-origin --name-only --get-regexp remote.origin.url
2026-09-02T07:07:32.1771963Z Cleaning up orphan processes
2026-09-02T07:07:32.3585321Z ##[warning]Node.js 20 is deprecated. The following actions target Node.js 20 but are being forced to run on Node.js 24: actions/checkout@v4, supabase/setup-cli@v1. For more information see: https://github.blog/changelog/2025-09-19-deprecation-of-node-20-on-github-actions-runners/
